frequency,raw
20,7.919276088
20.145037,7.917677568
20.291126,7.915408628
20.438274,7.912902767
20.58649,7.910451
20.73578,7.908816575
20.886153,7.907413037
21.037616,7.905781083
21.190178,7.904342354
21.343846,7.903581102
21.498628,7.902489755
21.654533,7.900850972
21.811569,7.899154086
21.969743,7.897360711
22.129064,7.897416393
22.289541,7.897874317
22.451181,7.898497346
22.613994,7.89955358
22.777988,7.901103859
22.94317,7.903424255
23.109551,7.905949636
23.277138,7.908837893
23.44594,7.912465551
23.615967,7.916679784
23.787226,7.921241679
23.959728,7.926119138
24.13348,7.931191712
24.308493,7.936540707
24.484774,7.942114071
24.662334,7.94798398
24.841182,7.954397855
25.021327,7.961037534
25.202778,7.967354213
25.385544,7.973754362
25.569637,7.980618302
25.755064,7.987631012
25.941836,7.994402882
26.129962,8.000970879
26.319453,8.007029067
26.510318,8.012558199
26.702567,8.017604841
26.89621,8.022192182
27.091257,8.026210422
27.287719,8.029920509
27.485606,8.033472921
27.684927,8.036537239
27.885694,8.039264484
28.087917,8.040808813
28.291607,8.041836396
28.496773,8.042275967
28.703428,8.041264864
28.911581,8.039139665
29.121243,8.037116213
29.332426,8.034911011
29.545141,8.032874717
29.759398,8.031024584
29.975209,8.02943087
30.192584,8.028015718
30.411537,8.027276088
30.632077,8.027276088
30.854216,8.027516061
31.077966,8.028218136
31.303339,8.028798086
31.530346,8.029342976
31.759,8.029808011
31.989311,8.030254762
32.221293,8.030827862
32.454957,8.031260588
32.690316,8.031276088
32.927381,8.031276088
33.166166,8.031276088
33.406682,8.031276088
33.648942,8.031015547
33.89296,8.029864442
34.138746,8.028403766
34.386316,8.026347404
34.63568,8.0238668
34.886853,8.020797509
35.139847,8.017275556
35.394676,8.013167084
35.651353,8.008310073
35.909892,8.002509674
36.170305,7.995672623
36.432607,7.987550373
36.696811,7.977948274
36.962931,7.966862081
37.23098,7.954818172
37.500974,7.942232092
37.772926,7.930221553
38.046849,7.918211498
38.32276,7.905531997
38.600671,7.892130453
38.880597,7.878365063
39.162553,7.864238735
39.446554,7.849952021
39.732615,7.83573576
40.02075,7.821204222
40.310975,7.805882182
40.603304,7.790097031
40.897753,7.77402466
41.194338,7.757592164
41.493073,7.74080028
41.793975,7.723622889
42.097059,7.706145047
42.40234,7.688177641
42.709836,7.669200532
43.019561,7.649392936
43.331533,7.629637522
43.645767,7.609731557
43.96228,7.589539515
44.281088,7.569027112
44.602208,7.548062731
44.925656,7.52644653
45.251451,7.502951813
45.579608,7.478316451
45.910144,7.453418121
46.243078,7.427954154
46.578426,7.401829969
46.916206,7.375020038
47.256435,7.347686374
47.599132,7.31858979
47.944314,7.286888465
48.291999,7.254945882
48.642206,7.223442963
48.994952,7.191943676
49.350256,7.160599512
49.708137,7.129867287
50.068613,7.099522033
50.431703,7.069154848
50.797427,7.039479067
51.165802,7.011566383
51.536849,6.983376597
51.910587,6.953220524
52.287035,6.92202755
52.666213,6.890074623
53.04814,6.857044594
53.432838,6.822231118
53.820325,6.787511986
54.210622,6.754616895
54.603749,6.72133052
54.999728,6.68667958
55.398578,6.652023715
55.80032,6.617444026
56.204976,6.585663183
56.612566,6.556378381
57.023112,6.527650469
57.436635,6.499253589
57.853158,6.470688502
58.2727,6.440551504
58.695285,6.409086266
59.120935,6.375532432
59.549671,6.339798425
59.981517,6.301016691
60.416494,6.257212869
60.854625,6.210459995
61.295934,6.162606091
61.740443,6.113660083
62.188176,6.064526003
62.639156,6.017245396
63.093406,5.973961796
63.55095,5.936109336
64.011812,5.90036255
64.476016,5.864838869
64.943587,5.83111266
65.414548,5.800479608
65.888925,5.771826037
66.366742,5.744001788
66.848024,5.717322955
67.332796,5.692592689
67.821083,5.669132694
68.312912,5.644453441
68.808307,5.618700696
69.307295,5.590820842
69.809901,5.560842009
70.316153,5.530066599
70.826075,5.497984283
71.339695,5.461801512
71.85704,5.421664537
72.378137,5.379585731
72.903013,5.334866927
73.431695,5.286286489
73.964211,5.23474845
74.500588,5.18093772
75.040856,5.128582799
75.585041,5.081660103
76.133173,5.037522818
76.685279,4.995621763
77.24139,4.955250614
77.801533,4.913878797
78.365738,4.871834116
78.934035,4.829192392
79.506453,4.785986235
80.083022,4.741858184
80.663773,4.69626982
81.248735,4.650515356
81.837939,4.60551429
82.431415,4.560495322
83.029196,4.514845615
83.631312,4.46899228
84.237794,4.423635734
84.848674,4.378483351
85.463984,4.332970268
86.083756,4.286988985
86.708023,4.239895491
87.336817,4.191840173
87.970171,4.142572311
88.608118,4.092996576
89.250691,4.044347601
89.897924,3.995902758
90.54985,3.947225266
91.206504,3.898802114
91.867921,3.851222895
92.534133,3.803847775
93.205177,3.756246312
93.881088,3.708577757
94.5619,3.661050323
95.247649,3.612656824
95.938371,3.563053471
96.634102,3.51331808
97.334878,3.463230329
98.040736,3.411470697
98.751713,3.358813295
99.467846,3.306229919
100.189173,3.255311771
100.91573,3.207244184
101.647556,3.159652446
102.384689,3.111926581
103.127168,3.064078511
103.875031,3.015947136
104.628318,2.967688045
105.387067,2.919418424
106.151319,2.870551232
106.921112,2.820845856
107.696489,2.770491764
108.477488,2.719485236
109.264151,2.667970042
110.056518,2.615970783
110.854632,2.563547557
111.658534,2.510703148
112.468265,2.457570935
113.283868,2.404141663
114.105386,2.350183768
114.932862,2.295686219
115.766338,2.240479919
116.605859,2.18510679
117.451468,2.131783062
118.303208,2.082198155
119.161126,2.036137009
120.025265,1.990625485
120.895671,1.942663769
121.772388,1.891986733
122.655464,1.837178881
123.544943,1.778960939
124.440873,1.719685868
125.3433,1.659152192
126.252272,1.597734001
127.167835,1.537078179
128.090037,1.478880443
129.018927,1.425367284
129.954554,1.374236027
130.896965,1.323799945
131.846211,1.272596025
132.80234,1.220369244
133.765403,1.167239079
134.73545,1.11361716
135.712532,1.05934388
136.6967,1.004022093
137.688004,0.9478687713
138.686497,0.8914841533
139.692232,0.8351104888
140.705259,0.7805973861
141.725633,0.7274157321
142.753407,0.674164348
143.788633,0.6200993179
144.831368,0.5652834058
145.881663,0.5084507329
146.939576,0.4501731806
148.00516,0.3914881465
149.078472,0.3323333714
150.159567,0.2723947456
151.248503,0.211423347
152.345335,0.149913648
153.450121,0.08814864955
154.562918,0.02626219599
155.683786,-0.03507050447
156.812782,-0.09593135128
157.949966,-0.1546017795
159.095396,-0.2113186343
160.249132,-0.2650263312
161.411235,-0.3165035989
162.581766,-0.3626891955
163.760785,-0.4044834667
164.948354,-0.437645244
166.144536,-0.4622312517
167.349392,-0.4765018133
168.562985,-0.4743953794
169.785379,-0.4672968941
171.016638,-0.4477256203
172.256825,-0.4102664864
173.506007,-0.3672380562
174.764247,-0.3161623375
176.031612,-0.2639653374
177.308167,-0.2118423094
178.59398,-0.1657106952
179.889117,-0.1256306007
181.193647,-0.09355651093
182.507637,-0.0696230095
183.831155,-0.05380845458
185.164272,-0.04518730377
186.507056,-0.04167661917
187.859578,-0.04077945664
189.221908,-0.04179082142
190.594118,-0.04392386101
191.976279,-0.0487651171
193.368463,-0.05399586716
194.770742,-0.05976236825
196.183191,-0.06599095439
197.605883,-0.07214561397
199.038892,-0.07781773126
200.482293,-0.08181656613
201.936161,-0.08459839803
203.400573,-0.08593971617
204.875604,-0.08655416329
206.361332,-0.0866115051
207.857834,-0.08435010828
209.365189,-0.08079594912
210.883474,-0.07544411415
212.41277,-0.06885595052
213.953157,-0.06096373544
215.504714,-0.05285714876
217.067522,-0.0445652607
218.641664,-0.03637173858
220.227222,-0.02876297825
221.824277,-0.02206303055
223.432914,-0.01683149084
225.053217,-0.0142021333
226.68527,-0.01277125062
228.329159,-0.01431597697
229.984968,-0.01868273373
231.652786,-0.02497799173
233.332698,-0.03354201548
235.024792,-0.04454123916
236.729158,-0.05747176661
238.445883,-0.07249885905
240.175058,-0.08830345912
241.916772,-0.1040939137
243.671117,-0.1219292922
245.438184,-0.1426777355
247.218066,-0.1643554459
249.010855,-0.1863249999
250.816646,-0.2091551651
252.635531,-0.2328760465
254.467607,-0.2567968294
256.312969,-0.2807226715
258.171713,-0.3049801967
260.043937,-0.3298118831
261.929737,-0.3548017397
263.829213,-0.3797524988
265.742464,-0.4039427902
267.66959,-0.4272310087
269.61069,-0.4496670878
271.565868,-0.4711316694
273.535224,-0.4915587017
275.518861,-0.5111339547
277.516884,-0.5297969526
279.529395,-0.5476595566
281.556502,-0.5649200535
283.598308,-0.5816473552
285.654922,-0.5977895462
287.726449,-0.6133994237
289.813,-0.6284159337
291.914681,-0.6426817014
294.031604,-0.6564534609
296.163878,-0.6703138431
298.311615,-0.6842178869
300.474927,-0.6975659698
302.653927,-0.7100988895
304.848729,-0.7226088152
307.059448,-0.7350403234
309.286198,-0.7464400333
311.529096,-0.7572147116
313.788259,-0.7674820923
316.063806,-0.7772421773
318.355854,-0.7866592876
320.664525,-0.794957138
322.989937,-0.8021404073
325.332213,-0.8086054962
327.691474,-0.8145657937
330.067845,-0.8198631046
332.461449,-0.8243828138
334.87241,-0.8285078954
337.300856,-0.8324683881
339.746912,-0.8363201169
342.210707,-0.8402097239
344.692369,-0.8442062029
347.192028,-0.8485452333
349.709814,-0.8531755044
352.245858,-0.8582673807
354.800294,-0.8633645982
357.373253,-0.8676375619
359.964872,-0.871667751
362.575285,-0.8757838275
365.204627,-0.8800691695
367.853038,-0.8845301468
370.520654,-0.889891722
373.207616,-0.8969126259
375.914063,-0.9061818086
378.640137,-0.9188220146
381.38598,-0.9340905162
384.151735,-0.9520133656
386.937547,-0.973234255
389.743562,-0.9968420522
392.569925,-1.022352912
395.416785,-1.047259995
398.284289,-1.071508811
401.172589,-1.093052636
404.081834,-1.112196122
407.012176,-1.127688295
409.963769,-1.140768671
412.936766,-1.148582221
415.931323,-1.153461377
418.947596,-1.154473801
421.985743,-1.150892752
425.045922,-1.144618919
428.128292,-1.132061976
431.233016,-1.113229493
434.360255,-1.08872114
437.510172,-1.05859263
440.682932,-1.022829028
443.8787,-0.9823095117
447.097643,-0.9376886782
450.33993,-0.8883844247
453.605729,-0.834058623
456.895212,-0.7757482705
460.208549,-0.7139489851
463.545914,-0.6496285971
466.907481,-0.5825546987
470.293426,-0.5148349406
473.703925,-0.4464757922
477.139156,-0.3784006009
480.5993,-0.3106195732
484.084536,-0.2443451979
487.595046,-0.1800149566
491.131014,-0.1174548608
494.692624,-0.05730060393
498.280063,0
501.893517,0.05441116639
505.533175,0.1065160139
509.199228,0.1561812679
512.891866,0.2032430476
516.611283,0.2489004895
520.357672,0.2933433852
524.13123,0.3362831006
527.932153,0.3779139183
531.76064,0.4193031524
535.61689,0.4605253188
539.501105,0.5004625144
543.413488,0.5389458539
547.354243,0.5768714976
551.323576,0.6141008723
555.321694,0.650025294
559.348806,0.6848020688
563.405122,0.7184759417
567.490853,0.7511293053
571.606214,0.7821038398
575.751418,0.8113848479
579.926683,0.8397818516
584.132227,0.867528564
588.368268,0.8947810479
592.635029,0.9221525174
596.932732,0.9495088
601.2616,0.9775278891
605.621862,1.006412893
610.013743,1.035752025
614.437473,1.065497294
618.893284,1.095519056
623.381407,1.125406633
627.902078,1.15496966
632.455532,1.183357659
637.042007,1.210681712
641.661742,1.238223895
646.31498,1.266021419
651.001961,1.294410347
655.722932,1.32372247
660.478139,1.353213155
665.26783,1.382403227
670.092255,1.411843545
674.951666,1.441975197
679.846316,1.472330643
684.776462,1.502418041
689.742361,1.532692685
694.744272,1.563684145
699.782456,1.594937574
704.857176,1.62596857
709.968697,1.657085143
715.117286,1.688555991
720.303212,1.720109946
725.526745,1.75156029
730.788159,1.782962272
736.087728,1.814312995
741.425728,1.845638414
746.802439,1.877113972
752.218141,1.907558636
757.673117,1.937025192
763.167652,1.96505687
768.702032,1.991333614
774.276547,2.016943447
779.891487,2.042845218
785.547146,2.06848926
791.243819,2.093149492
796.981803,2.11694376
802.761399,2.140552874
808.582907,2.164013204
814.446632,2.186449519
820.35288,2.207823378
826.301959,2.228869964
832.29418,2.249749767
838.329855,2.27039496
844.409301,2.29072673
850.532833,2.311054257
856.700773,2.331762412
862.913442,2.35222536
869.171164,2.371977947
875.474266,2.391784842
881.823077,2.412141149
888.217929,2.432419505
894.659156,2.452546471
901.147093,2.472897862
907.68208,2.49366611
914.264457,2.514300498
920.89457,2.534610752
927.572762,2.55534049
934.299384,2.576643982
941.074787,2.597815172
947.899323,2.618809433
954.773351,2.639912716
961.697227,2.661322108
968.671315,2.68364539
975.695977,2.706554946
982.771582,2.729988264
989.898498,2.753490289
997.077097,2.776832429
1004.307754,2.800059634
1011.590847,2.823249266
1018.926756,2.847131437
1026.315863,2.871705333
1033.758556,2.897349558
1041.255222,2.924168295
1048.806252,2.952425276
1056.412042,2.982067894
1064.072987,3.012551032
1071.789489,3.043973991
1079.561949,3.076405768
1087.390775,3.109905044
1095.276374,3.144649069
1103.219158,3.180577489
1111.219542,3.217223974
1119.277943,3.254846661
1127.394783,3.293758065
1135.570485,3.334022757
1143.805476,3.376381891
1152.100186,3.420514522
1160.455048,3.466011214
1168.870498,3.511701031
1177.346976,3.555928696
1185.884924,3.597742125
1194.484788,3.637839361
1203.147017,3.6790334
1211.872063,3.72345342
1220.660382,3.772170739
1229.512432,3.828072886
1238.428677,3.888598232
1247.40958,3.951555349
1256.455612,4.017766859
1265.567244,4.085462302
1274.744953,4.153745529
1283.989217,4.218364936
1293.300519,4.278942621
1302.679345,4.337821916
1312.126185,4.396991414
1321.641532,4.457850364
1331.225883,4.519841649
1340.879738,4.583085967
1350.603602,4.64788672
1360.397982,4.713973861
1370.263389,4.781590281
1380.200338,4.84963371
1390.209349,4.917877425
1400.290944,4.984107228
1410.445649,5.045749715
1420.673995,5.105172938
1430.976515,5.165005987
1441.353747,5.225546194
1451.806233,5.286983905
1462.33452,5.349850823
1472.939156,5.413795677
1483.620695,5.478694796
1494.379695,5.544619801
1505.216718,5.611529083
1516.13233,5.679384116
1527.127099,5.748819305
1538.201602,5.820012113
1549.356415,5.893019968
1560.592121,5.968171393
1571.909307,6.04514745
1583.308563,6.123434817
1594.790485,6.203091587
1606.355672,6.283440664
1618.004728,6.364560723
1629.738262,6.446225444
1641.556885,6.528364728
1653.461216,6.61153146
1665.451875,6.695893869
1677.529488,6.781143876
1689.694686,6.867264388
1701.948105,6.954060343
1714.290384,7.04124381
1726.722167,7.129585351
1739.244103,7.219674104
1751.856847,7.310640308
1764.561057,7.401974826
1777.357395,7.494360147
1790.246531,7.588177495
1803.229137,7.682769755
1816.305891,7.777835838
1829.477475,7.874122158
1842.744578,7.971889379
1856.107892,8.070032938
1869.568115,8.168466741
1883.12595,8.267973279
1896.782104,8.368536409
1910.53729,8.470284645
1924.392227,8.572801546
1938.347638,8.675096153
1952.404251,8.777905034
1966.562801,8.88204436
1980.824027,8.985161216
1995.188673,9.086754005
2009.657489,9.181752694
2024.231231,9.271974639
2038.91066,9.361376776
2053.696542,9.449723622
2068.589649,9.538445194
2083.590758,9.627416464
2098.700654,9.716577805
2113.920124,9.805882801
2129.249963,9.894658662
2144.690972,9.983156716
2160.243957,10.07222996
2175.909731,10.1612499
2191.68911,10.24937856
2207.582918,10.33708636
2223.591987,10.42503545
2239.71715,10.51274852
2255.959252,10.59996107
2272.319138,10.68642858
2288.797664,10.77183436
2305.39569,10.85687514
2322.114082,10.94183355
2338.953713,11.02577103
2355.915464,11.10823915
2373.000218,11.1862185
2390.208868,11.26086022
2407.542313,11.33091566
2425.001458,11.39632788
2442.587214,11.46469688
2460.300499,11.53442371
2478.142238,11.59847149
2496.113363,11.65700188
2514.214812,11.71280656
2532.44753,11.76679219
2550.812469,11.82158292
2569.310588,11.87685645
2587.942852,11.93399854
2606.710235,11.99361891
2625.613716,12.05056659
2644.654283,12.10355306
2663.832929,12.15701709
2683.150655,12.20987711
2702.608471,12.25714904
2722.207393,12.29993231
2741.948442,12.3399876
2761.832651,12.37764868
2781.861058,12.41364614
2802.034707,12.44633955
2822.354653,12.47502696
2842.821956,12.50138124
2863.437685,12.52648285
2884.202916,12.55021728
2905.118733,12.57261711
2926.186229,12.59365032
2947.406504,12.61384112
2968.780665,12.63334788
2990.309828,12.65245389
3011.995117,12.67290297
3033.837665,12.69406221
3055.838612,12.71115915
3077.999106,12.72486191
3100.320305,12.73618237
3122.803375,12.7450983
3145.449488,12.75215342
3168.259827,12.75725454
3191.235584,12.76117982
3214.377958,12.76388652
3237.688156,12.76592106
3261.167397,12.76613204
3284.816906,12.76513804
3308.637918,12.76370678
3332.631676,12.76142826
3356.799433,12.75828122
3381.142451,12.75358677
3405.662002,12.74792262
3430.359364,12.74130127
3455.235829,12.73354586
3480.292693,12.72429761
3505.531267,12.71392871
3530.952866,12.70230599
3556.55882,12.69021227
3582.350464,12.6781236
3608.329146,12.66491376
3634.496221,12.65041995
3660.853056,12.63171472
3687.401026,12.60650034
3714.141519,12.58029984
3741.07593,12.55371729
3768.205665,12.53317346
3795.532141,12.5160992
3823.056785,12.50060157
3850.781034,12.48655608
3878.706334,12.47302329
3906.834145,12.45935263
3935.165935,12.44598486
3963.703182,12.43344581
3992.447378,12.42161749
4021.400022,12.40793018
4050.562627,12.39299387
4079.936714,12.37845058
4109.523819,12.36413904
4139.325484,12.35036634
4169.343267,12.33730133
4199.578734,12.32697999
4230.033465,12.31842121
4260.709049,12.30850119
4291.607087,12.29650536
4322.729194,12.28431771
4354.076994,12.27206143
4385.652123,12.26086152
4417.45623,12.25046584
4449.490977,12.24212238
4481.758034,12.2359967
4514.259088,12.2287849
4546.995834,12.22004051
4579.969983,12.21165749
4613.183255,12.20373382
4646.637385,12.19691368
4680.33412,12.19122888
4714.275218,12.18726925
4748.462452,12.18347744
4782.897607,12.17815495
4817.582481,12.17260826
4852.518884,12.16777993
4887.708641,12.16548461
4923.153589,12.16442073
4958.855578,12.16536791
4994.816474,12.1705453
5031.038152,12.17591563
5067.522505,12.18210436
5104.271436,12.18846662
5141.286866,12.19541385
5178.570726,12.20422924
5216.124963,12.21506746
5253.951538,12.22860222
5292.052426,12.24347201
5330.429616,12.25621973
5369.085112,12.26801803
5408.020932,12.27962155
5447.239108,12.29056944
5486.741689,12.29984562
5526.530737,12.30878678
5566.60833,12.31796624
5606.976559,12.32822401
5647.637532,12.34156481
5688.593374,12.35450069
5729.84622,12.36414065
5771.398227,12.37218205
5813.251562,12.3742576
5855.408412,12.37396078
5897.870977,12.37331698
5940.641475,12.36607443
5983.722138,12.34889632
6027.115215,12.32353902
6070.822973,12.28242525
6114.847693,12.23531591
6159.191674,12.17888635
6203.85723,12.11209492
6248.846695,12.03824251
6294.162417,11.95717062
6339.806762,11.86990965
6385.782113,11.77481943
6432.090871,11.66755003
6478.735453,11.546964
6525.718295,11.41345083
6573.041849,11.26468136
6620.708587,11.10413627
6668.720997,10.92995544
6717.081586,10.74673902
6765.792879,10.5535755
6814.857419,10.3565485
6864.277768,10.15570083
6914.056506,9.958359163
6964.196232,9.765234471
7014.699564,9.582696175
7065.569139,9.411238651
7116.807613,9.253147296
7168.41766,9.107717022
7220.401976,8.974800861
7272.763275,8.85343055
7325.50429,8.738789437
7378.627776,8.630026996
7432.136505,8.520460711
7486.033271,8.409717158
7540.320889,8.29536328
7595.002193,8.175880385
7650.080038,8.039825757
7705.557299,7.885932309
7761.436873,7.708776417
7817.721678,7.499012012
7874.414652,7.25999933
7931.518755,6.99065053
7989.036968,6.686949832
8046.972296,6.350886919
8105.327761,5.98159299
8164.106412,5.590832733
8223.311318,5.177081897
8282.945568,4.751369265
8343.012278,4.31160818
8403.514582,3.88268886
8464.45564,3.464364535
8525.838634,3.075501648
8587.666769,2.713384811
8649.943272,2.404546413
8712.671395,2.136999728
8775.854413,1.922767068
8839.495625,1.756462591
8903.598354,1.647708751
8968.165947,1.566973378
9033.201774,1.520036131
9098.709232,1.490952204
9164.69174,1.470741359
9231.152743,1.454056372
9298.095713,1.420253151
9365.524142,1.364573514
9433.441553,1.291923863
9501.851491,1.201838339
9570.757528,1.105696723
9640.163261,1.005678943
9710.072315,0.906791163
9780.488339,0.7862947629
9851.415009,0.6355160866
9922.856029,0.4899873141
9994.815129,0.3625864604
10067.29607,0.2795653154
10140.30263,0.2320934639
10213.83862,0.2381338313
10287.90788,0.2582934215
10362.51428,0.3031881639
10437.66172,0.3770512074
10513.35412,0.456673043
10589.59542,0.5437342268
10666.38962,0.629975072
10743.74071,0.7139770733
10821.65275,0.7896563792
10900.12979,0.8573780562
10979.17594,0.9162757016
11058.79532,0.9666035876
11138.99208,1.008711343
11219.77042,1.039754661
11301.13456,1.064987017
11383.08873,1.076268766
11465.63723,1.071745004
11548.78435,1.058037008
11632.53444,1.023215867
11716.89188,0.9788930398
11801.86107,0.924988215
11887.44644,0.8649627394
11973.65246,0.7989432481
12060.48364,0.7207970428
12147.9445,0.6185108733
12236.03961,0.4910803304
12324.77358,0.3358075717
12414.15104,0.1696305162
12504.17664,-0.001609003149
12594.8551,-0.1745264222
12686.19115,-0.3362157365
12778.18955,-0.4823986437
12870.85511,-0.5865288133
12964.19267,-0.6735103243
13058.2071,-0.7478399818
13152.90331,-0.8125815222
13248.28624,-0.8591056313
13344.36087,-0.8929067669
13441.13222,-0.9303785571
13538.60535,-0.9720815676
13636.78533,-1.026198313
13735.67731,-1.100522568
13835.28643,-1.192767802
13935.6179,-1.310565034
14036.67696,-1.444585992
14138.46889,-1.59351196
14240.999,-1.758423108
14344.27264,-1.940168121
14448.29521,-2.1470916
14553.07213,-2.373984787
14658.60888,-2.622233869
14764.91097,-2.885138341
14871.98394,-3.16260699
14979.83339,-3.454235483
15088.46495,-3.757847954
15197.88429,-4.07472388
15308.09713,-4.402671058
15419.10921,-4.742642663
15530.92633,-5.09530285
15643.55434,-5.461307784
15756.9991,-5.841541422
15871.26656,-6.238752417
15986.36266,-6.648868364
16102.29342,-7.070794173
16219.0649,-7.498796081
16336.68318,-7.919611162
16455.15442,-8.331428077
16574.48479,-8.72304619
16694.68053,-9.089331033
16815.74791,-9.329431727
16937.69325,-9.502667319
17060.52293,-9.516308253
17184.24334,-9.418665277
17308.86096,-9.277640579
17434.38229,-9.059285404
17560.81388,-8.860679529
17688.16233,-8.679984152
17816.4343,-8.628063647
17945.63647,-8.613277203
18075.7756,-8.65581004
18206.85848,-8.858429127
18338.89196,-9.110042705
18471.88292,-9.442791994
18605.83831,-9.807386734
18740.76513,-10.20905097
18876.67042,-10.6238514
19013.56127,-11.05845741
19151.44483,-11.51195849
19290.32831,-11.99192049
19430.21895,-12.50848312
19571.12405,-13.03963508
19713.05098,-13.53989781
19856.00714,-13.64554261
20000,-13.67672391