frequency,Rtings.com,Harman IEM,SenseLab Aizu,SoundGuys.com Studio Curve,SoundGuys.com Headphone Preference Curve,Type 5128 Diffuse Field Response
20,5.131673869,7.919276088,4.749887458,-0.05178851845,4.63427836,-1.927763173
20.145037,5.127670869,7.917677568,4.747326458,-0.05178851845,4.63427836,-1.929567308
20.291126,5.123667224,7.915408628,4.744770642,-0.05178851845,4.63427836,-1.931330852
20.438274,5.118661618,7.912902767,4.742221243,-0.05178851845,4.63427836,-1.932998008
20.58649,5.112655922,7.910451,4.739679535,-0.05178851845,4.63427836,-1.934510569
20.73578,5.106651434,7.908816575,4.73714684,-0.05178851845,4.63427836,-1.935807844
20.886153,5.100646956,7.907413037,4.734624527,-0.05178851845,4.63427836,-1.93682658
21.037616,5.094639959,7.905781083,4.732114015,-0.05178851845,4.63427836,-1.93750089
21.190178,5.087635253,7.904342354,4.729616772,-0.05178851845,4.63427836,-1.937762171
21.343846,5.0816303,7.903581102,4.727266109,-0.05178851845,4.63427836,-1.937763173
21.498628,5.074621503,7.902489755,4.725022865,-0.05178851845,4.63427836,-1.937763173
21.654533,5.067616207,7.900850972,4.722622521,-0.05178851845,4.63427836,-1.937763173
21.811569,5.060615989,7.899154086,4.719788929,-0.05178851845,4.63427836,-1.937763173
21.969743,5.054610906,7.897360711,4.716239507,-0.05178851845,4.63427836,-1.937763173
22.129064,5.047600609,7.897416393,4.711963908,-0.05178851845,4.63427836,-1.937763173
22.289541,5.040589864,7.897874317,4.70711155,-0.05178851845,4.63427836,-1.937763173
22.451181,5.03258463,7.898497346,4.701838996,-0.05178851845,4.63427836,-1.937816195
22.613994,5.025584814,7.89955358,4.696309985,-0.05178851845,4.63427836,-1.938603784
22.777988,5.01857969,7.901103859,4.690695647,-0.05178851845,4.63427836,-1.940114671
22.94317,5.011567373,7.903424255,4.685174729,-0.05178851845,4.63427836,-1.942054925
23.109551,5.003562363,7.905949636,4.679933835,-0.05178851845,4.63427836,-1.94411734
23.277138,4.996563875,7.908837893,4.674921914,-0.05178851845,4.63427836,-1.945981033
23.44594,4.989558777,7.912465551,4.669902649,-0.05178851845,4.63427836,-1.947311026
23.615967,4.982544911,7.916679784,4.664877702,-0.05178851845,4.63427836,-1.947763173
23.787226,4.974540094,7.921241679,4.659849809,-0.05178851845,4.63427836,-1.947763173
23.959728,4.967542932,7.926119138,4.654821817,-0.05178851845,4.63427836,-1.947763173
24.13348,4.96053771,7.931191712,4.649796688,-0.05178851845,4.63427836,-1.947763173
24.308493,4.953532449,7.936540707,4.644777501,-0.05178851845,4.63427836,-1.947763173
24.484774,4.946527424,7.942114071,4.639767456,-0.05178851845,4.63427836,-1.947763173
24.662334,4.939511102,7.94798398,4.634767104,-0.05178851845,4.63427836,-1.947763173
24.841182,4.931506748,7.954397855,4.629773358,-0.05178851845,4.63427836,-1.947763173
25.021327,4.924511769,7.961037534,4.624784337,-0.05178851845,4.63427836,-1.94776918
25.202778,4.917494172,7.967354213,4.619798069,-0.05178851845,4.63427836,-1.948262012
25.385544,4.909490091,7.973754362,4.614812479,-0.05178851845,4.63427836,-1.94940549
25.569637,4.902496069,7.980618302,4.609825388,-0.05178851845,4.63427947,-1.950994309
25.755064,4.895477253,7.987631012,4.60483451,-0.05178851845,4.635656269,-1.952813811
25.941836,4.887473768,7.994402882,4.599837449,-0.05178851845,4.637949798,-1.954639696
26.129962,4.880465945,8.000970879,4.59488534,-0.05178851845,4.640009929,-1.956237725
26.319453,4.872462696,8.007029067,4.590012597,-0.05178851845,4.642149396,-1.957363419
26.510318,4.865454635,8.012558199,4.585173712,-0.05178851845,4.644270234,-1.957763173
26.702567,4.857451253,8.017604841,4.580321001,-0.05178851845,4.646406472,-1.957763173
26.89621,4.850459552,8.022192182,4.575404662,-0.05178851845,4.648558239,-1.957763173
27.091257,4.84343766,8.026210422,4.570372715,-0.05178851845,4.650725659,-1.957763173
27.287719,4.835434632,8.029920509,4.56517093,-0.05178851845,4.652908856,-1.957763173
27.485606,4.828443907,8.033472921,4.559742764,-0.05178851845,4.655107957,-1.957763173
27.684927,4.821420684,8.036537239,4.554135801,-0.05178851845,4.657323151,-1.957763173
27.885694,4.813418522,8.039264484,4.548423676,-0.05178851845,4.659554362,-1.957763173
28.087917,4.806409957,8.040808813,4.542572222,-0.05178851845,4.661801476,-1.957798187
28.291607,4.798385889,8.041836396,4.536545771,-0.05178851845,4.664064878,-1.958129986
28.496773,4.790401998,8.042275967,4.530307165,-0.05178851845,4.666344936,-1.958773972
28.703428,4.783393021,8.041264864,4.523817708,-0.05178851845,4.668641511,-1.959681305
28.911581,4.775368594,8.039139665,4.517037124,-0.05178851845,4.670954486,-1.960800829
29.121243,4.767362626,8.037116213,4.509923506,-0.05178851845,4.673284253,-1.962079002
29.332426,4.759357336,8.034911011,4.502310097,-0.05178851845,4.67563118,-1.963459815
29.545141,4.75132908,8.032874717,4.494111343,-0.05178851845,4.677995126,-1.964884723
29.759398,4.7423269,8.031024584,4.485448773,-0.05178851845,4.680376037,-1.966292565
29.975209,4.734338688,8.02943087,4.476449845,-0.05178851845,4.682774104,-1.96761948
30.192584,4.726333514,8.028015718,4.46724784,-0.05178851845,4.685189395,-1.968933136
30.411537,4.718303339,8.027276088,4.457982043,-0.05178851845,4.687622229,-1.970383676
30.632077,4.709302658,8.027276088,4.448797926,-0.05178851845,4.6900729,-1.971924502
30.854216,4.701290485,8.027516061,4.439847338,-0.05178851845,4.692541478,-1.973504614
31.077966,4.692289204,8.028218136,4.431071188,-0.05178851845,4.695028159,-1.975070734
31.303339,4.684303716,8.028798086,4.42228738,-0.05178851845,4.697532858,-1.976567233
31.530346,4.676271143,8.029342976,4.413498961,-0.05178851845,4.700055528,-1.977939347
31.759,4.667271416,8.029808011,4.404709237,-0.05178851845,4.702596353,-1.979352025
31.989311,4.659258237,8.030254762,4.395921643,-0.05178851845,4.705155333,-1.980872188
32.221293,4.650258951,8.030827862,4.387139743,-0.05178851845,4.707736056,-1.982423363
32.454957,4.642245342,8.031260588,4.378367236,-0.05178851845,4.711009598,-1.983925675
32.690316,4.633245315,8.031276088,4.369607958,-0.05178851845,4.712809233,-1.98529574
32.927381,4.625262052,8.031276088,4.360922809,-0.05178851845,4.71163448,-1.986446564
33.166166,4.617225987,8.031276088,4.352335984,-0.05178851845,4.708924799,-1.987287427
33.406682,4.608226521,8.031276088,4.343795173,-0.05178851845,4.700558058,-1.987723775
33.648942,4.600242912,8.031015547,4.335245699,-0.05178851845,4.689376126,-1.987763173
33.89296,4.592238234,8.029864442,4.326630446,-0.05178851845,4.679655699,-1.987763173
34.138746,4.584200138,8.028403766,4.317889788,-0.05178851845,4.669864455,-1.987763173
34.386316,4.575201463,8.026347404,4.308961512,-0.05178851845,4.659938487,-1.987763173
34.63568,4.567220367,8.0238668,4.299780735,-0.05178851845,4.650084096,-1.987763173
34.886853,4.559180765,8.020797509,4.290410758,-0.05178851845,4.640205754,-1.987763173
35.139847,4.550184172,8.017275556,4.280942918,-0.05178851845,4.631078043,-1.987763173
35.394676,4.542169558,8.013167084,4.271337845,-0.05178851845,4.623458167,-1.987763173
35.651353,4.533133398,8.008310073,4.261554445,-0.05178851845,4.616186297,-1.987879065
35.909892,4.524165536,8.002509674,4.251549881,-0.05178851845,4.608632749,-1.988553025
36.170305,4.516150276,7.995672623,4.241279529,-0.05178851845,4.601024327,-1.989713485
36.432607,4.507116643,7.987550373,4.230696917,-0.05178851845,4.593360418,-1.991222703
36.696811,4.498072454,7.977948274,4.219753676,-0.05178851845,4.585640926,-1.992936632
36.962931,4.488075111,7.966862081,4.208303437,-0.05178851845,4.577865631,-1.994704724
37.23098,4.479096577,7.954818172,4.196301786,-0.05178851845,4.570037495,-1.996369735
37.500974,4.470050767,7.942232092,4.183864708,-0.05178851845,4.562598661,-1.997767519
37.772926,4.46005604,7.930221553,4.171113572,-0.05178851845,4.554076636,-1.998955114
38.046849,4.451036301,7.918211498,4.158175278,-0.05178851845,4.542195871,-2.000105047
38.32276,4.441042103,7.905531997,4.145182431,-0.05178851845,4.52890796,-2.001225601
38.600671,4.43202408,7.892130453,4.132273513,-0.05178851845,4.515595777,-2.00232545
38.880597,4.421983223,7.878365063,4.119593063,-0.05178851845,4.502032523,-2.003413665
39.162553,4.412021236,7.864238735,4.107136096,-0.05178851845,4.488827781,-2.004499727
39.446554,4.403002498,7.849952021,4.094766925,-0.05178851845,4.474678608,-2.005593542
39.732615,4.392963075,7.83573576,4.08243547,-0.05178851845,4.458128841,-2.006705453
40.02075,4.382955586,7.821204222,4.070089388,-0.05178851845,4.440534349,-2.007846174
40.310975,4.372950396,7.805882182,4.057673992,-0.05178851845,4.422173563,-2.009007072
40.603304,4.362897627,7.790097031,4.045132186,-0.05178851845,4.404676405,-2.01017639
40.897753,4.351902953,7.77402466,4.032404389,-0.05178851845,4.389251157,-2.011354186
41.194338,4.34192809,7.757592164,4.019428476,-0.05178851845,4.375384669,-2.012540525
41.493073,4.331873626,7.74080028,4.00622761,-0.05178851845,4.363355955,-2.013735466
41.793975,4.320882274,7.723622889,3.992864255,-0.05178851845,4.35178737,-2.014939073
42.097059,4.310860488,7.706145047,3.979339768,-0.05178851845,4.339882422,-2.016151408
42.40234,4.299817924,7.688177641,3.965655628,-0.05178851845,4.327732585,-2.017372535
42.709836,4.288809685,7.669200532,3.951813442,-0.05178851845,4.315607594,-2.018602517
43.019561,4.27780147,7.649392936,3.937814951,-0.05178851845,4.302031985,-2.019841419
43.331533,4.266793238,7.629637522,3.92366203,-0.05178851845,4.284730987,-2.021089305
43.645767,4.255784984,7.609731557,3.909356713,-0.05178851845,4.266178885,-2.022346241
43.96228,4.244776763,7.589539515,3.894945137,-0.05178851845,4.245566109,-2.023612292
44.281088,4.233771475,7.569027112,3.880441221,-0.05178851845,4.230922369,-2.024887524
44.602208,4.222713645,7.548062731,3.865802777,-0.05178851845,4.226162669,-2.026172004
44.925656,4.210664945,7.52644653,3.850985794,-0.05178851845,4.219864433,-2.027465798
45.251451,4.198713121,7.502951813,3.835944383,-0.05178851845,4.186749404,-2.028768975
45.579608,4.187687487,7.478316451,3.820630716,-0.05178851845,4.146455907,-2.030081603
45.910144,4.175641351,7.453418121,3.804994973,-0.05178851845,4.111481003,-2.03140375
46.243078,4.163632363,7.427954154,3.78898523,-0.05178851845,4.094848335,-2.032735484
46.578426,4.151626702,7.401829969,3.772533175,-0.05178851845,4.108750082,-2.034076876
46.916206,4.139560573,7.375020038,3.755649621,-0.05178851845,4.119537817,-2.035427996
47.256435,4.126573452,7.347686374,3.73839465,-0.05178851845,4.106466429,-2.036788914
47.599132,4.114545304,7.31858979,3.720831184,-0.05178851845,4.087565881,-2.038161036
47.944314,4.101496933,7.286888465,3.703025075,-0.05178851845,4.07201703,-2.039563388
48.291999,4.088487198,7.254945882,3.685045193,-0.05178851845,4.056536487,-2.040991781
48.642206,4.075477467,7.223442963,3.66696352,-0.05178851845,4.04132863,-2.042432213
48.994952,4.062467765,7.191943676,3.648855071,-0.05178851845,4.026044602,-2.043870056
49.350256,4.04946183,7.160599512,3.630677325,-0.05178851845,4.006546176,-2.045290039
49.708137,4.036389913,7.129867287,3.612350094,-0.05178851845,3.997066293,-2.046676231
50.068613,4.022405064,7.099522033,3.593870369,-0.05178851845,4.031383991,-2.048012393
50.431703,4.009373626,7.069154848,3.575235054,-0.05178851845,4.057500882,-2.04930124
50.797427,3.99532259,7.039479067,3.556440962,-0.05178851845,4.034418985,-2.050555834
51.165802,3.981312128,7.011566383,3.537484819,-0.05178851845,4.00149722,-2.051785614
51.536849,3.967301645,6.983376597,3.518363252,-0.05178851845,3.974198569,-2.053000453
51.910587,3.953295384,6.953220524,3.499072789,-0.05178851845,3.947759622,-2.054210674
52.287035,3.939222892,6.92202755,3.479601576,-0.05178851845,3.917203292,-2.055427062
52.666213,3.924169973,6.890074623,3.459946042,-0.05178851845,3.902425644,-2.056660881
53.04814,3.909158752,6.857044594,3.440113762,-0.05178851845,3.907011412,-2.057923987
53.432838,3.894147512,6.822231118,3.420112701,-0.05178851845,3.910048315,-2.059230366
53.820325,3.879140821,6.787511986,3.399951234,-0.05178851845,3.874525888,-2.060572006
54.210622,3.864059731,6.754616895,3.379638153,-0.05178851845,3.831688645,-2.061931634
54.603749,3.848078174,6.72133052,3.359182682,-0.05178851845,3.807728771,-2.063291205
54.999728,3.833041159,6.68667958,3.338594453,-0.05178851845,3.787453392,-2.064631875
55.398578,3.816985896,6.652023715,3.317865944,-0.05178851845,3.769067081,-2.065933982
55.80032,3.800978811,6.617444026,3.296984986,-0.05178851845,3.751788548,-2.067177018
56.204976,3.784893658,6.585663183,3.275950537,-0.05178851845,3.734725781,-2.068341364
56.612566,3.767913423,6.556378381,3.254761551,-0.05178851845,3.718375464,-2.069430156
57.023112,3.751873881,6.527650469,3.233416975,-0.05178851845,3.703024773,-2.070461057
57.436635,3.734821941,6.499253589,3.211915755,-0.05178851845,3.687859064,-2.071452455
57.853158,3.717733349,6.470688502,3.190256828,-0.05178851845,3.672899277,-2.072423576
58.2727,3.69975414,6.440551504,3.168439111,-0.05178851845,3.656556855,-2.073394513
58.695285,3.682712388,6.409086266,3.146454322,-0.05178851845,3.636902722,-2.074386252
59.120935,3.664659106,6.375532432,3.124299099,-0.05178851845,3.615797357,-2.075420698
59.549671,3.646567056,6.339798425,3.101977628,-0.05178851845,3.59070577,-2.076520703
59.981517,3.627588895,6.301016691,3.079494329,-0.05178851845,3.57411247,-2.077710098
60.416494,3.609544861,6.257212869,3.056853861,-0.05178851845,3.569442995,-2.079033184
60.854625,3.590490278,6.210459995,3.03406113,-0.05178851845,3.563599957,-2.080491855
61.295934,3.571394783,6.162606091,3.011121294,-0.05178851845,3.543638741,-2.082037226
61.740443,3.551417683,6.113660083,2.988038682,-0.05178851845,3.519442003,-2.083618136
62.188176,3.532377262,6.064526003,2.964583048,-0.05178851845,3.498184246,-2.085181141
62.639156,3.512232073,6.017245396,2.940688555,-0.05178851845,3.47810348,-2.086670439
63.093406,3.491255614,5.973961796,2.916521997,-0.05178851845,3.46015215,-2.08803025
63.55095,3.471207344,5.936109336,2.892257664,-0.05178851845,3.442591463,-2.08929486
64.011812,3.450144187,5.90036255,2.868077569,-0.05178851845,3.425413985,-2.090505422
64.476016,3.429134703,5.864838869,2.844171682,-0.05178851845,3.405903872,-2.091674602
64.943587,3.408038826,5.83111266,2.820738178,-0.05178851845,3.380232245,-2.092815655
65.414548,3.385974319,5.800479608,2.797982786,-0.05178851845,3.352749512,-2.093942444
65.888925,3.363957859,5.771826037,2.775871719,-0.05178851845,3.325866586,-2.095069453
66.366742,3.341947963,5.744001788,2.754213486,-0.05178851845,3.298864294,-2.096211816
66.848024,3.319848856,5.717322955,2.732911443,-0.05178851845,3.271879413,-2.097385325
67.332796,3.296782773,5.692592689,2.711864407,-0.05178851845,3.244936447,-2.098658624
67.821083,3.273772372,5.669132694,2.690966512,-0.05178851845,3.21811645,-2.10015075
68.312912,3.250670608,5.644453441,2.670107064,-0.05178851845,3.191283261,-2.101769177
68.808307,3.226603216,5.618700696,2.649170395,-0.05178851845,3.164359142,-2.103403751
69.307295,3.202585262,5.590820842,2.628037341,-0.05178851845,3.13741122,-2.104939427
69.809901,3.178574406,5.560842009,2.60692298,-0.05178851845,3.110445406,-2.106256126
70.316153,3.154469336,5.530066599,2.585977491,-0.05178851845,3.083510019,-2.107228583
70.826075,3.129400423,5.497984283,2.565099601,-0.05178851845,3.056435955,-2.107726183
71.339695,3.104381722,5.461801512,2.544183459,-0.05178851845,3.029964288,-2.107763173
71.85704,3.079370444,5.421664537,2.523118501,-0.05178851845,3.004193523,-2.107763173
72.378137,3.054262116,5.379585731,2.501789301,-0.05178851845,2.980059629,-2.107763173
72.903013,3.028191704,5.334866927,2.480075425,-0.05178851845,2.958707218,-2.107763173
73.431695,3.002179869,5.286286489,2.457851271,-0.05178851845,2.937109502,-2.107763173
73.964211,2.976068907,5.23474845,2.435031309,-0.05178851845,2.913767695,-2.107763173
74.500588,2.948997162,5.18093772,2.411689714,-0.05178851845,2.889040821,-2.107763173
75.040856,2.921984831,5.128582799,2.387940445,-0.05178851845,2.86316711,-2.107765165
75.585041,2.894871158,5.081660103,2.363902694,-0.05178851845,2.834256259,-2.108141862
76.133173,2.866798125,5.037522818,2.33970105,-0.05178851845,2.798082469,-2.109071256
76.685279,2.838785302,4.995621763,2.315465662,-0.05178851845,2.76465995,-2.110405537
77.24139,2.81066896,4.955250614,2.291332409,-0.05178851845,2.738976716,-2.11199011
77.801533,2.781602909,4.913878797,2.267442104,-0.05178851845,2.715770145,-2.113663385
78.365738,2.752475808,4.871834116,2.243767668,-0.05178851845,2.69353086,-2.115256568
78.934035,2.722508325,4.829192392,2.220189385,-0.05178851845,2.673005899,-2.116593434
79.506453,2.693439975,4.785986235,2.196652868,-0.05178851845,2.654511395,-2.117490102
80.083022,2.663372806,4.741858184,2.173101247,-0.05178851845,2.636608825,-2.117763173
80.663773,2.633251004,4.69626982,2.14947508,-0.05178851845,2.61920445,-2.117763173
81.248735,2.60216505,4.650515356,2.125712287,-0.05178851845,2.600253022,-2.117763173
81.837939,2.571262019,4.60551429,2.101748057,-0.05178851845,2.577922645,-2.117763173
82.431415,2.541081991,4.560495322,2.077514867,-0.05178851845,2.553333209,-2.117763173
83.029196,2.509060932,4.514845615,2.052980946,-0.05178851845,2.527016299,-2.117763173
83.631312,2.477987789,4.46899228,2.028192209,-0.05178851845,2.497284575,-2.117763173
84.237794,2.445909281,4.423635734,2.003203663,-0.05178851845,2.459628308,-2.117763173
84.848674,2.413885341,4.378483351,1.978072809,-0.05178851845,2.426350342,-2.117763173
85.463984,2.381870768,4.332970268,1.952859723,-0.05178851845,2.40315653,-2.117763173
86.083756,2.349741534,4.286988985,1.927627134,-0.05178851845,2.381807714,-2.117763173
86.708023,2.316661597,4.239895491,1.902440502,-0.05178851845,2.360069495,-2.117763173
87.336817,2.283646591,4.191840173,1.877367337,-0.05178851845,2.338570849,-2.117763173
87.970171,2.250504547,4.142572311,1.852355107,-0.05178851845,2.317204729,-2.117763173
88.608118,2.216543104,4.092996576,1.82733735,-0.05178851845,2.295787246,-2.117763173
89.250691,2.183464036,4.044347601,1.802315915,-0.05178851845,2.274131698,-2.117763173
89.897924,2.149392541,3.995902758,1.777292676,-0.05178851845,2.252527213,-2.117763173
90.54985,2.115246745,3.947225266,1.752269535,-0.05178851845,2.231269848,-2.117763173
91.206504,2.080286873,3.898802114,1.727248418,-0.05178851845,2.209602855,-2.117763173
91.867921,2.046205069,3.851222895,1.702231281,-0.05178851845,2.187450026,-2.117763173
92.534133,2.01112216,3.803847775,1.677219383,-0.05178851845,2.163700698,-2.117763173
93.205177,1.976106425,3.756246312,1.652133012,-0.05178851845,2.136976903,-2.117763173
93.881088,1.940956033,3.708577757,1.626954236,-0.05178851845,2.109629856,-2.117763173
94.5619,1.904998409,3.661050323,1.601737954,-0.05178851845,2.082773348,-2.117763173
95.247649,1.869913334,3.612656824,1.576541465,-0.05178851845,2.05587958,-2.117763173
95.938371,1.833828843,3.563053471,1.551424532,-0.05178851845,2.028892873,-2.117763173
96.634102,1.797801889,3.51331808,1.526449464,-0.05178851845,2.001963243,-2.117763173
97.334878,1.761774982,3.463230329,1.501681189,-0.05178851845,1.975794809,-2.117763173
98.040736,1.725748014,3.411470697,1.477186252,-0.05178851845,1.947711259,-2.117763173
98.751713,1.689732276,3.358813295,1.45289415,-0.05178851845,1.915700408,-2.117763173
99.467846,1.653574992,3.306229919,1.428733499,-0.05178851845,1.881645564,-2.117763173
100.189173,1.616621513,3.255311771,1.404712417,-0.05178851845,1.845137732,-2.117763173
100.91573,1.580519754,3.207244184,1.380839245,-0.05178851845,1.810146959,-2.117763173
101.647556,1.543567543,3.159652446,1.357122551,-0.05178851845,1.777757327,-2.117763173
102.384689,1.507476471,3.111926581,1.333571135,-0.05178851845,1.750026702,-2.117763173
103.127168,1.470377572,3.064078511,1.310194037,-0.05178851845,1.728073376,-2.117763173
103.875031,1.433486524,3.015947136,1.286998082,-0.05178851845,1.70773222,-2.117763173
104.628318,1.397393879,2.967688045,1.26378588,-0.05178851845,1.687490272,-2.117763173
105.387067,1.360294263,2.919418424,1.24051449,-0.05178851845,1.668261724,-2.117763173
106.151319,1.323405546,2.870551232,1.217310811,-0.05178851845,1.650606926,-2.117763173
106.921112,1.287311268,2.820845856,1.19430727,-0.05178851845,1.63244136,-2.117763173
107.696489,1.250210895,2.770491764,1.171641992,-0.05178851845,1.613442321,-2.117763173
108.477488,1.213324616,2.719485236,1.149458968,-0.05178851845,1.590965227,-2.117763173
109.264151,1.177215839,2.667970042,1.127908238,-0.05178851845,1.560914081,-2.117763173
110.056518,1.140270649,2.615970783,1.107142717,-0.05178851845,1.529173866,-2.117763173
110.854632,1.104160599,2.563547557,1.087009886,-0.05178851845,1.499614232,-2.117763173
111.658534,1.067203896,2.510703148,1.067335284,-0.05178851845,1.466119612,-2.117763173
112.468265,1.031236254,2.457570935,1.04809436,-0.05178851845,1.42253826,-2.117763173
113.283868,0.9952093269,2.404141663,1.029261171,-0.05178851845,1.38092428,-2.117763173
114.105386,0.9591823934,2.350183768,1.010808346,-0.05178851845,1.345651257,-2.117763173
114.932862,0.9231419403,2.295686219,0.9927070325,-0.05178851845,1.315113143,-2.117763173
115.766338,0.8872636301,2.240479919,0.9749268508,-0.05178851845,1.28883969,-2.117763173
116.605859,0.8521497026,2.18510679,0.9574310449,-0.05178851845,1.266655598,-2.117763173
117.451468,0.8161977293,2.131783062,0.9398698944,-0.05178851845,1.248717279,-2.117763173
118.303208,0.7812317836,2.082198155,0.9222055196,-0.05178851845,1.231464862,-2.117763173
119.161126,0.7461915525,2.036137009,0.9046745476,-0.05178851845,1.214282728,-2.117763173
120.025265,0.7113043237,1.990625485,0.8875239712,-0.05178851845,1.194469574,-2.117763173
120.895671,0.6773395047,1.942663769,0.8710114633,-0.05178851845,1.168966716,-2.117763173
121.772388,0.6432997167,1.891986733,0.8554057003,-0.05178851845,1.140717881,-2.117763173
122.655464,0.6094154311,1.837178881,0.8409866937,-0.05178851845,1.110502785,-2.117763173
123.544943,0.5764371952,1.778960939,0.8280321127,-0.051788,1.078632504,-2.117763173
124.440873,0.5435693497,1.719685868,0.8157838463,-0.05177027883,1.044303252,-2.117763173
125.3433,0.511435672,1.659152192,0.8038019531,-0.05173212833,1.012379769,-2.117651668
126.252272,0.4786526956,1.597734001,0.7922795078,-0.0516093632,0.9847454497,-2.116394679
127.167835,0.4475931175,1.537078179,0.7814178427,-0.05146513536,0.9595268352,-2.114009812
128.090037,0.4156360819,1.478880443,0.7714267972,-0.05133733668,0.9365086385,-2.110848807
129.018927,0.3848356266,1.425367284,0.762524973,-0.05120859451,0.9144017129,-2.107279434
129.954554,0.3547151937,1.374236027,0.7549399963,-0.05107873636,0.8927347982,-2.103685994
130.896965,0.3237603631,1.323799945,0.7488960002,-0.05094807744,0.8712778981,-2.100469817
131.846211,0.2939635051,1.272596025,0.7437157505,-0.0508168401,0.8498764583,-2.09804979
132.80234,0.2648417278,1.220369244,0.7389168122,-0.05068446395,0.8283761534,-2.096452603
133.765403,0.2349048672,1.167239079,0.7345201521,-0.0505506089,0.8061911312,-2.095099232
134.73545,0.2059297258,1.11361716,0.7305474189,-0.0504158958,0.7855530612,-2.093915892
135.712532,0.1770749574,1.05934388,0.7270209623,-0.05028065327,0.767523543,-2.092838975
136.6967,0.1489510864,1.004022093,0.7239638513,-0.0501442696,0.7498770978,-2.091801985
137.688004,0.1200012676,0.9478687713,0.7213998942,-0.05000640788,0.7321469678,-2.090735457
138.686497,0.09219691706,0.8914841533,0.719353389,-0.04986768593,0.7135734003,-2.08956686
139.692232,0.06523960376,0.8351104888,0.7178001673,-0.04972837185,0.6935042217,-2.088220511
140.705259,0.038219414,0.7805973861,0.7166190979,-0.04958811976,0.672736492,-2.086641809
141.725633,0.01118261444,0.7274157321,0.7156738926,-0.04944687685,0.6523323248,-2.084872598
142.753407,-0.01568079771,0.674164348,0.714822084,-0.04930443755,0.6282061698,-2.082942549
143.788633,-0.04165375517,0.6200993179,0.713914835,-0.04916063225,0.5956541304,-2.080879592
144.831368,-0.0675148777,0.5652834058,0.7127967448,-0.04901577161,0.5625219851,-2.078712968
145.881663,-0.09248712207,0.5084507329,0.7113056483,-0.04886995614,0.5317408354,-2.076473269
146.939576,-0.1173294798,0.4501731806,0.7092487829,-0.04872314133,0.5025778963,-2.074192483
148.00516,-0.1414763012,0.3914881465,0.7052440068,-0.04857532286,0.4755297551,-2.071904032
149.078472,-0.1662185264,0.3323333714,0.6987848122,-0.04842650974,0.448779651,-2.069642817
150.159567,-0.1892869156,0.2723947456,0.6901903658,-0.04827675448,0.4205635275,-2.067445709
151.248503,-0.213226289,0.211423347,0.6797952115,-0.04812580048,0.3963438978,-2.065357111
152.345335,-0.2360156774,0.149913648,0.667949751,-0.04797348145,0.3769631898,-2.063353205
153.450121,-0.2579680318,0.08814864955,0.6550207371,-0.04782010898,0.3614119195,-2.061382701
154.562918,-0.2800024635,0.02626219599,0.6413917797,-0.0476657812,0.3495324965,-2.059392011
155.683786,-0.3018528031,-0.03507050447,0.6274177163,-0.04751045892,0.3381050096,-2.057325181
156.812782,-0.3228223851,-0.09593135128,0.6111145445,-0.0473541943,0.3259413497,-2.055123819
157.949966,-0.3436703774,-0.1546017795,0.5916750252,-0.04719673413,0.3141008215,-2.052727016
159.095396,-0.3636393236,-0.2113186343,0.5697178348,-0.04703797085,0.3018045862,-2.050071279
160.249132,-0.383484945,-0.2650263312,0.5458904918,-0.04687795388,0.293449745,-2.047082476
161.411235,-0.4024532605,-0.3165035989,0.5208702491,-0.04671662076,0.2891910792,-2.043506264
162.581766,-0.4213153423,-0.3626891955,0.4953650109,-0.04655424627,0.2852927702,-2.039330443
163.760785,-0.4390743332,-0.4044834667,0.4701142732,-0.04639103785,0.2810047889,-2.03467202
164.948354,-0.4562293526,-0.437645244,0.4458566777,-0.04622642488,0.2766858501,-2.029653457
166.144536,-0.4739414142,-0.4622312517,0.4215681642,-0.04606008795,0.2723359743,-2.024402844
167.349392,-0.4900160691,-0.4765018133,0.3965891377,-0.04589265436,0.2679545419,-2.01905407
168.562985,-0.5069421501,-0.4743953794,0.3711457941,-0.04572437326,0.2635412154,-2.013747002
169.785379,-0.5227131368,-0.4672968941,0.3454745655,-0.04555489404,0.2590957754,-2.008627667
171.016638,-0.5376594146,-0.4477256203,0.3198224343,-0.04538411249,0.2546179245,-2.003696622
172.256825,-0.5526706409,-0.4102664864,0.2944472559,-0.04521207676,0.2501076649,-1.998735871
173.506007,-0.5677018377,-0.3672380562,0.2696180888,-0.04503872543,0.245564853,-1.993739146
174.764247,-0.5825337917,-0.3161623375,0.2456034559,-0.04486434119,0.2409891879,-1.988706185
176.031612,-0.5964993492,-0.2639653374,0.2220937812,-0.0446891819,0.2363804801,-1.983636726
177.308167,-0.6103287908,-0.2118423094,0.1988486001,-0.04451240768,0.2317380657,-1.978530504
178.59398,-0.6232733333,-0.1657106952,0.1758848524,-0.04433355244,0.2270601148,-1.973387253
179.889117,-0.6362830611,-0.1256306007,0.1532200099,-0.04415355662,0.2223443839,-1.968206703
181.193647,-0.6493135661,-0.09355651093,0.1308720902,-0.04397275863,0.2175038983,-1.962988585
182.507637,-0.6621388923,-0.0696230095,0.1088596714,-0.04379076558,0.2129691738,-1.957732626
183.831155,-0.6741036175,-0.05380845458,0.0872019062,-0.04360753117,0.2089294716,-1.952438551
185.164272,-0.6859069124,-0.04518730377,0.06591361053,-0.04342284668,0.2049260224,-1.947106084
186.507056,-0.6970505039,-0.04167661917,0.04482123013,-0.04323660914,0.2008283643,-1.941734948
187.859578,-0.7089644859,-0.04077945664,0.02388758631,-0.04304886195,0.1967012106,-1.93632486
189.221908,-0.7196986387,-0.04179082142,0.003194250986,-0.04285948812,0.1925447259,-1.930875539
190.594118,-0.7298438767,-0.04392386101,-0.01717377883,-0.04266903852,0.188357961,-1.925400962
191.976279,-0.7407554082,-0.0487651171,-0.03712797855,-0.042477858,0.1841403888,-1.919992665
193.368463,-0.7504858262,-0.05399586716,-0.05657619078,-0.04228505815,0.1798923649,-1.914612523
194.770742,-0.7596327227,-0.05976236825,-0.07542251741,-0.04209024166,0.1756138981,-1.909191421
196.183191,-0.7695418052,-0.06599095439,-0.09357241441,-0.04189408996,0.1713043581,-1.903657194
197.605883,-0.778288546,-0.07214561397,-0.1111621472,-0.04169683575,0.1669633634,-1.897934533
199.038892,-0.7862295808,-0.07781773126,-0.1283077712,-0.04149812276,0.1625909653,-1.891944889
200.482293,-0.7942355674,-0.08181656613,-0.1450304831,-0.04129779788,0.1581870731,-1.88560517
201.936161,-0.8022646671,-0.08459839803,-0.1613527058,-0.04109619112,0.1537511072,-1.87885922
203.400573,-0.8100720732,-0.08593971617,-0.1772981294,-0.04089349455,0.1492826824,-1.871756543
204.875604,-0.8170125985,-0.08655416329,-0.1928917518,-0.04068912765,0.1447945055,-1.864365534
206.361332,-0.8240415414,-0.0866115051,-0.2081599216,-0.04048279239,0.1403949551,-1.85675777
207.857834,-0.83084487,-0.08435010828,-0.2231379396,-0.04027513219,0.1355377944,-1.84900811
209.365189,-0.8368094085,-0.08079594912,-0.2380976175,-0.04006642724,0.1299234466,-1.841194794
210.883474,-0.8425887646,-0.07544411415,-0.253043659,-0.03985605604,0.1237116608,-1.833399551
212.41277,-0.8477424629,-0.06885595052,-0.2678065747,-0.03964377686,0.1167356045,-1.825699321
213.953157,-0.8536167161,-0.06096373544,-0.2822095077,-0.03942995594,0.1096027367,-1.817997389
215.504714,-0.858556938,-0.05285714876,-0.2960680098,-0.03921467443,0.102529913,-1.810239604
217.067522,-0.863586032,-0.0445652607,-0.3091898128,-0.03899789443,0.09540597114,-1.802425561
218.641664,-0.8683586674,-0.03637173858,-0.3213745929,-0.03877960843,0.0882308188,-1.794554851
220.227222,-0.8725157729,-0.02876297825,-0.3324280487,-0.03855983046,0.08100345083,-1.786627065
221.824277,-0.8774116531,-0.02206303055,-0.3426967091,-0.0383386053,0.07372325709,-1.778641787
223.432914,-0.881116128,-0.01683149084,-0.3524358483,-0.03811567445,0.06636928536,-1.770598601
225.053217,-0.8842749967,-0.0142021333,-0.3616798979,-0.03789094096,0.05877703207,-1.762497087
226.68527,-0.8881205371,-0.01277125062,-0.3704651273,-0.03766445312,0.05179323878,-1.754336822
228.329159,-0.891281089,-0.01431597697,-0.3788297036,-0.03743614914,0.04568480356,-1.74611738
229.984968,-0.8951453121,-0.01868273373,-0.3868137511,-0.03720630558,0.03979928318,-1.737838331
231.652786,-0.8981156959,-0.02497799173,-0.3944594147,-0.03697500088,0.0340167329,-1.729499245
233.332698,-0.9008722765,-0.03354201548,-0.401818328,-0.03674221127,0.0282210635,-1.721099684
235.024792,-0.9030354627,-0.04454123916,-0.4091431164,-0.03650803247,0.02235167986,-1.712639211
236.729158,-0.9058945757,-0.05747176661,-0.4164376183,-0.03627193022,0.0164395153,-1.704111246
238.445883,-0.9078394045,-0.07249885905,-0.423558044,-0.0360336714,0.01048405082,-1.69547363
240.175058,-0.9098409014,-0.08830345912,-0.4303543514,-0.03579361808,0.004485441881,-1.686738907
241.916772,-0.9118423977,-0.1040939137,-0.4366700569,-0.03555179376,-0.001556525121,-1.67793315
243.671117,-0.9138767942,-0.1219292922,-0.4423420406,-0.03530844578,-0.007642076617,-1.669083613
245.438184,-0.91563318,-0.1426777355,-0.4472003469,-0.0350637522,-0.01377136064,-1.660218757
247.218066,-0.9165698747,-0.1643554459,-0.4510849871,-0.03481713196,-0.02002513317,-1.651368298
249.010855,-0.9177866024,-0.1863249999,-0.4544190045,-0.03456835654,-0.02696799146,-1.642563236
250.816646,-0.9196355462,-0.2091551651,-0.4574666755,-0.03431779484,-0.03164164437,-1.633846347
252.635531,-0.9206392064,-0.2328760465,-0.4602443427,-0.03406551995,-0.034099456,-1.625291184
254.467607,-0.9213261314,-0.2567968294,-0.462769238,-0.03381150436,-0.03631062112,-1.616846349
256.312969,-0.9214977418,-0.2807226715,-0.4650595111,-0.03355578919,-0.03856966826,-1.608436583
258.171713,-0.9223261314,-0.3049801967,-0.4671342594,-0.03329810691,-0.04082922778,-1.599983252
260.043937,-0.9224994841,-0.3298118831,-0.469013558,-0.03303831451,-0.04312402727,-1.591404244
261.929737,-0.9233261314,-0.3548017397,-0.4707236617,-0.03277674455,-0.04543551893,-1.582613866
263.829213,-0.9231510304,-0.3797524988,-0.4724263448,-0.03251351843,-0.04776387604,-1.573522728
265.742464,-0.9223261314,-0.4039427902,-0.4741388233,-0.03224833155,-0.05010893952,-1.564036132
267.66959,-0.9222016289,-0.4272310087,-0.4757892052,-0.03198109243,-0.05247065167,-1.554102663
269.61069,-0.9210567753,-0.4496670878,-0.4773024535,-0.03171185602,-0.05484974796,-1.543798178
271.565868,-0.9200560269,-0.4711316694,-0.4786002906,-0.03144061089,-0.05724666451,-1.533218092
273.535224,-0.9190552787,-0.4915587017,-0.4796011002,-0.03116736074,-0.05966060016,-1.522462187
275.518861,-0.9180723576,-0.5111339547,-0.480219827,-0.03089204506,-0.0620912924,-1.511634743
277.516884,-0.9168419408,-0.5297969526,-0.480380339,-0.03061496161,-0.06453982019,-1.500844679
279.529395,-0.9150229335,-0.5476595566,-0.480380339,-0.03033627788,-0.06700659904,-1.490205691
281.556502,-0.913874837,-0.5649200535,-0.480380339,-0.03005540922,-0.06949135414,-1.479736517
283.598308,-0.9117769441,-0.5816473552,-0.480380339,-0.02977213751,-0.07199418658,-1.469266354
285.654922,-0.9097754478,-0.5977895462,-0.480380339,-0.02948684201,-0.07451497204,-1.458789436
287.726449,-0.9077739512,-0.6133994237,-0.480380339,-0.02919963748,-0.07705366504,-1.448308183
289.813,-0.9057945141,-0.6284159337,-0.480380339,-0.0289102122,-0.07961098879,-1.437825103
291.914681,-0.903547183,-0.6426817014,-0.480380339,-0.0286184276,-0.08218732849,-1.427342791
294.031604,-0.9007337253,-0.6564534609,-0.4803925768,-0.02832461208,-0.08478215304,-1.416863933
296.163878,-0.8985760042,-0.6703138431,-0.4807344992,-0.02802883086,-0.08739534569,-1.406391307
298.311615,-0.8954866381,-0.6842178869,-0.4814962581,-0.02773106014,-0.09002767137,-1.395927787
300.474927,-0.8924843927,-0.6975659698,-0.4826083736,-0.02743133722,-0.09267951503,-1.38549153
302.653927,-0.8895064031,-0.7100988895,-0.4839980841,-0.02712940825,-0.09535034105,-1.375443386
304.848729,-0.8862809881,-0.7226088152,-0.485589244,-0.02682523283,-0.0980400382,-1.365729946
307.059448,-0.8822202021,-0.7350403234,-0.4873022191,-0.02651857712,-0.1007493536,-1.356065
309.286198,-0.8779892052,-0.7464400333,-0.489053779,-0.02620925558,-0.1034785768,-1.346149608
311.529096,-0.8729306917,-0.7572147116,-0.4907638737,-0.02589788162,-0.1062325959,-1.335671708
313.788259,-0.867695267,-0.7674820923,-0.4925522425,-0.02558463962,-0.109038818,-1.324305718
316.063806,-0.8616112315,-0.7772421773,-0.4945108435,-0.02526918171,-0.1117392186,-1.311702019
318.355854,-0.8556336432,-0.7866592876,-0.4966634012,-0.02495142198,-0.114295404,-1.297648802
320.664525,-0.8494209003,-0.794957138,-0.4990345825,-0.02463142384,-0.1167610217,-1.282339574
322.989937,-0.8420995765,-0.8021404073,-0.5016500241,-0.02430922137,-0.1191302936,-1.266019515
325.332213,-0.8340156535,-0.8086054962,-0.5045363609,-0.02398455318,-0.1215053866,-1.248945223
327.691474,-0.8260375565,-0.8145657937,-0.5077212554,-0.02365733176,-0.1239135111,-1.231385072
330.067845,-0.8177908531,-0.8198631046,-0.5112963238,-0.02332760548,-0.1263390638,-1.21361957
332.461449,-0.8087066411,-0.8243828138,-0.5166626364,-0.02299531269,-0.1287821255,-1.195941736
334.87241,-0.7997283251,-0.8285078954,-0.5238421467,-0.02266075222,-0.1312431106,-1.178657476
337.300856,-0.7904460582,-0.8324683881,-0.5320797263,-0.02232402877,-0.1337223135,-1.161713723
339.746912,-0.7806456592,-0.8363201169,-0.5405861855,-0.02198482904,-0.1362192437,-1.144742191
342.210707,-0.771491774,-0.8402097239,-0.548537229,-0.02164302194,-0.1387337956,-1.127689496
344.692369,-0.7611283144,-0.8442062029,-0.5550723842,-0.02129895704,-0.141266735,-1.110500918
347.192028,-0.7503299582,-0.8485452333,-0.5592939005,-0.0209527832,-0.1438183812,-1.093119351
349.709814,-0.7401438447,-0.8531755044,-0.560380339,-0.02060391115,-0.1463884911,-1.075485234
352.245858,-0.72905869,-0.8582673807,-0.560380339,-0.02025213951,-0.1489771277,-1.057536472
354.800294,-0.7180800927,-0.8633645982,-0.560380339,-0.01989785288,-0.1515844415,-1.039208365
357.373253,-0.7067879606,-0.8676375619,-0.560380339,-0.01954115054,-0.1542105216,-1.020352617
359.964872,-0.6949935328,-0.871667751,-0.560380339,-0.0191817207,-0.1568557682,-1.000924121
362.575285,-0.6838025063,-0.8757838275,-0.560380339,-0.01881943313,-0.1595204323,-0.9810733177
365.204627,-0.6717167568,-0.8800691695,-0.560380339,-0.01845463152,-0.1622042995,-0.9609583391
367.853038,-0.659707778,-0.8845301468,-0.560380339,-0.01808741389,-0.1649073943,-0.940744435
370.520654,-0.6477292476,-0.889891722,-0.5603567122,-0.01771746745,-0.1676301475,-0.9206041877
373.207616,-0.6354303095,-0.8969126259,-0.5597789122,-0.01734466394,-0.1703727669,-0.9007177364
375.914063,-0.6226407915,-0.9061818086,-0.5584750064,-0.01696935683,-0.1731353204,-0.881260389
378.640137,-0.6104106509,-0.9188220146,-0.5565106394,-0.016591687,-0.1759179501,-0.8621792832
381.38598,-0.5976230285,-0.9340905162,-0.5539547488,-0.01621106382,-0.1787207643,-0.8433501995
384.151735,-0.5853909853,-0.9520133656,-0.550879668,-0.01582729201,-0.1815439065,-0.8246721316
386.937547,-0.5726052661,-0.973234255,-0.5473612341,-0.01544074924,-0.1843874733,-0.8060394657
389.743562,-0.5604051941,-0.9968420522,-0.5434788966,-0.01505148451,-0.1872515656,-0.7873418387
392.569925,-0.5473502011,-1.022352912,-0.5392144451,-0.01465947376,-0.1902521501,-0.7684639928
395.416785,-0.5340425173,-1.047259995,-0.5325366006,-0.01426470083,-0.193903257,-0.7492856254
398.284289,-0.5202598678,-1.071508811,-0.5229988371,-0.01386720151,-0.1945810929,-0.729681236
401.172589,-0.5070556404,-1.093052636,-0.5111224434,-0.01346704612,-0.1887215518,-0.7095498557
404.081834,-0.4929685454,-1.112196122,-0.497453153,-0.01306367457,-0.182216737,-0.6890703624
407.012176,-0.4789902422,-1.127688295,-0.4825619026,-0.01265685164,-0.1764069554,-0.6682976709
409.963769,-0.4647113304,-1.140768671,-0.4670456096,-0.01224724581,-0.1705463721,-0.6472302644
412.936766,-0.4496236187,-1.148582221,-0.4515279713,-0.01183501026,-0.1646590054,-0.6258666832
415.931323,-0.4346123941,-1.153461377,-0.4365801326,-0.01141980233,-0.1587288191,-0.6042055282
418.947596,-0.4196338986,-1.154473801,-0.4210670464,-0.01100154128,-0.1527553852,-0.5822454626
421.985743,-0.4043505911,-1.150892752,-0.4045474623,-0.01058029497,-0.1467385946,-0.5599852158
425.045922,-0.3882622336,-1.144618919,-0.3872127728,-0.01015608739,-0.1406781826,-0.5374235493
428.128292,-0.3722502602,-1.132061976,-0.3692632894,-0.009728647274,-0.1345818695,-0.5144096241
431.233016,-0.3562715624,-1.113229493,-0.3509085193,-0.009297850282,-0.1284826342,-0.4908741013
434.360255,-0.3399838728,-1.08872114,-0.3323674481,-0.008864046452,-0.12219705,-0.4669273513
437.510172,-0.3228948607,-1.05859263,-0.313868831,-0.00842732056,-0.1158240036,-0.4426848214
440.682932,-0.3058821406,-1.022829028,-0.2956139854,-0.007987371276,-0.1082292905,-0.4182671918
443.8787,-0.2888694206,-0.9823095117,-0.2770683977,-0.007544117783,-0.09854469987,-0.3938005362
447.097643,-0.2718567017,-0.9376886782,-0.2581062366,-0.007097609046,-0.0886555051,-0.3694164868
450.33993,-0.25487804,-0.8883844247,-0.238898799,-0.006647783632,-0.07895081787,-0.3452513155
453.605729,-0.2375480794,-0.834058623,-0.2196250711,-0.006194973925,-0.0691756394,-0.3212880696
456.895212,-0.2197808531,-0.7757482705,-0.200471964,-0.00573934449,-0.05932939663,-0.2974139531
460.208549,-0.2025573399,-0.7139489851,-0.1816345553,-0.005280000349,-0.04964813591,-0.2735662187
463.545914,-0.1844676319,-0.6496285971,-0.1633163367,-0.004816617144,-0.04102565976,-0.2496792683
466.907481,-0.1664541669,-0.5825546987,-0.1457157851,-0.00435020101,-0.02426358473,-0.2256845651
470.293426,-0.148440698,-0.5148349406,-0.1287060196,-0.0038809902,0.02009957771,-0.2015105434
473.703925,-0.1304272299,-0.4464757922,-0.1121224898,-0.003408334474,0.03463487024,-0.1770825162
477.139156,-0.1124488394,-0.3784006009,-0.09586954116,-0.002932136378,0.01966952984,-0.1523447802
480.5993,-0.09411009208,-0.3106195732,-0.07984704941,-0.002452192123,0.00149143598,-0.1273524727
484.084536,-0.07535000046,-0.2443451979,-0.06395028114,-0.001968339521,-0.02027274654,-0.1021477689
487.595046,-0.05711881424,-0.1800149566,-0.04806975186,-0.001481216144,-0.02623112544,-0.0767690936
491.131014,-0.0380284289,-0.1174548608,-0.03209107973,-0.0009909555588,-0.0175201503,-0.05125661764
494.692624,-0.01901421571,-0.05730060393,-0.01592542075,-0.0004972296095,-0.008184670765,-0.0256523115
498.280063,0,0,0,0,0,0
501.893517,0.01901421974,0.05441116639,0.01564850979,0.0005009554332,0.008243955892,0.02567946072
505.533175,0.03799233682,0.1065160139,0.03120796061,0.001005716635,0.01654763782,0.05148515845
509.199228,0.05733989646,0.1561812679,0.04687461608,0.001514232709,0.02489786164,0.0774147751
512.891866,0.07709277968,0.2032430476,0.062853409,0.002026566678,0.03324827937,0.1034453404
516.611283,0.09637008623,0.2489004895,0.07935820565,0.002542389032,0.04192916278,0.1295528671
520.357672,0.1161209659,0.2933433852,0.09661207707,0.003061589479,0.05098394704,0.1557123203
524.13123,0.1353616444,0.3362831006,0.1148426912,0.003584761581,0.06071730455,0.1818975858
527.932153,0.1554526698,0.3779139183,0.1341026536,0.004112078041,0.07135882724,0.2080814379
531.76064,0.175467634,0.4193031524,0.1542622567,0.004643142488,0.08211957519,0.2342130458
535.61689,0.195482596,0.4605253188,0.1751860484,0.00517788716,0.09285768707,0.2601538806
539.501105,0.2154603263,0.5004625144,0.1967321744,0.005716621018,0.103572325,0.2859808017
543.413488,0.2357785143,0.5389458539,0.2187521788,0.006259460688,0.1139396093,0.3118138948
547.354243,0.2568701706,0.5768714976,0.2410908001,0.006806047642,0.1265132558,0.3377786224
551.323576,0.277885886,0.6141008723,0.263585762,0.007356315254,0.1426883637,0.3640059888
555.321694,0.2989015971,0.650025294,0.2861115588,0.007910549512,0.1613339994,0.3906327087
559.348806,0.3198794249,0.6848020688,0.3092343193,0.008468790654,0.1831505269,0.4178013813
563.405122,0.3412028723,0.7184759417,0.3330121206,0.009031271633,0.2050983668,0.4455635041
567.490853,0.3632951555,0.7511293053,0.3572200273,0.009598108949,0.2265767783,0.4737888326
571.606214,0.3853116156,0.7821038398,0.3816229404,0.01016894133,0.2480996531,0.5024355298
575.751418,0.4072896653,0.8113848479,0.4059752863,0.01074370679,0.2696965722,0.5314626008
579.926683,0.4296174953,0.8397818516,0.4300206963,0.01132270128,0.2912344903,0.5608270776
584.132227,0.4527508223,0.867528564,0.4534916791,0.01190600275,0.3126756294,0.590483958
588.368268,0.4754110694,0.8947810479,0.4761062568,0.01249354678,0.3339572937,0.6203861426
592.635029,0.4976691586,0.9221525174,0.4976934328,0.01308536096,0.3544481064,0.6504843698
596.932732,0.5207620427,0.9495088,0.5185046721,0.01368141779,0.3799149504,0.6807271499
601.2616,0.5437792497,0.9775278891,0.5388740309,0.01428174452,0.414263884,0.711108922
605.621862,0.5667964587,1.006412893,0.5591506736,0.01488628912,0.4472497584,0.742278664
610.013743,0.5898136655,1.035752025,0.5796993367,0.01549500789,0.4774174188,0.7741247063
614.437473,0.6128308754,1.065497294,0.6009008046,0.01610846886,0.5055159585,0.8061991437
618.893284,0.6358895082,1.095519056,0.6231523989,0.01672687122,0.5320514886,0.8380341652
623.381407,0.6585814258,1.125406633,0.6467940083,0.01734952668,0.5540125192,0.8691414467
627.902078,0.6805256053,1.15496966,0.6710196997,0.01797633196,0.5714776625,0.8990115275
632.455532,0.7025839114,1.183357659,0.6957026812,0.01860760572,0.5889425373,0.9272466198
637.042007,0.7242722884,1.210681712,0.7211266366,0.01924338941,0.607057433,0.9542924252
641.661742,0.7452158461,1.238223895,0.7475874423,0.01988390367,0.6250426186,0.9804467054
646.31498,0.766231559,1.266021419,0.7753935354,0.02052922682,0.6428233951,1.005947081
651.001961,0.7872472729,1.294410347,0.8048662927,0.02117929124,0.6606402099,1.031042144
655.722932,0.808262985,1.32372247,0.8363404182,0.0218341285,0.6784134505,1.055991798
660.478139,0.8292786986,1.353213155,0.8702629965,0.0224937072,0.6971405464,1.081067606
665.26783,0.8502944096,1.382403227,0.9081989593,0.02315805851,0.7170929159,1.106553145
670.092255,0.8713101209,1.411843545,0.9499864646,0.02382713836,0.7379227169,1.132744202
674.951666,0.8923258355,1.441975197,0.9948202443,0.02450094434,0.7599015637,1.159405344
679.846316,0.9133415484,1.472330643,1.041857663,0.02517974518,0.7805671671,1.186168253
684.776462,0.9343159856,1.502418041,1.090217564,0.02586365176,0.7995828596,1.213086666
689.742361,0.9556642235,1.532692685,1.138979081,0.02655228222,0.8180018794,1.240216675
694.744272,0.9777560553,1.563684145,1.187180424,0.02724555765,0.8358929243,1.267616792
699.782456,0.9997725162,1.594937574,1.234086508,0.02794406992,0.85378197,1.295348028
704.857176,1.021788977,1.62596857,1.282665858,0.02864797402,0.8717669705,1.323473966
709.968697,1.043763519,1.657085143,1.333183744,0.0293568635,0.8903657886,1.35206084
715.117286,1.066117096,1.688555991,1.38451833,0.0300706961,0.9111334562,1.381205745
720.303212,1.089209473,1.720109946,1.435497715,0.0307897615,0.9208408717,1.410898897
725.526745,1.112226684,1.75156029,1.484898399,0.0315141372,0.9248326438,1.441042909
730.788159,1.135243891,1.782962272,1.531443716,0.0322437395,0.922899872,1.471535881
736.087728,1.158261099,1.814312995,1.57380222,0.03297857184,0.9022343094,1.502271267
741.425728,1.181278308,1.845638414,1.610931555,0.03371890072,0.8974126013,1.533137724
746.802439,1.204340215,1.877113972,1.646544584,0.03446483623,0.9178767347,1.564018973
752.218141,1.22700883,1.907558636,1.681483237,0.03521600474,0.9368440255,1.595129934
757.673117,1.248953584,1.937025192,1.715013387,0.03597236888,0.9515643238,1.62897786
763.167652,1.271062428,1.96505687,1.74636928,0.03673420296,0.9634933697,1.665107479
768.702032,1.292370319,1.991333614,1.774752589,0.03750155342,0.972888971,1.702243621
774.276547,1.312339115,2.016943447,1.799331426,0.03823487121,0.9823133453,1.739054107
779.891487,1.331640708,2.042845218,1.819239338,0.03884927833,0.992068108,1.774148013
785.547146,1.349661406,2.06848926,1.833891449,0.04153631083,1.001890457,1.806073873
791.243819,1.366632099,2.093149492,1.846917418,0.05612267828,1.01177465,1.83331785
796.981803,1.381183208,2.11694376,1.859326253,0.07418352714,1.021776054,1.854301846
802.761399,1.39444366,2.140552874,1.870755891,0.09593311891,1.031893731,1.868173224
808.582907,1.406004856,2.164013204,1.880828827,0.1177526944,1.042232003,1.879199794
814.446632,1.416741149,2.186449519,1.889151652,0.1389738521,1.052826431,1.888597858
820.35288,1.425546103,2.207823378,1.895314571,0.1601328416,1.06349983,1.89674163
826.301959,1.432420099,2.228869964,1.898890922,0.1811449669,1.074231393,1.904022661
832.29418,1.439107291,2.249749767,1.899619661,0.2028068404,1.084962412,1.910850376
838.329855,1.444674209,2.27039496,1.899619661,0.2251828492,1.095540277,1.917652622
844.409301,1.449662617,2.29072673,1.899619661,0.2490504876,1.107545089,1.924876234
850.532833,1.454344296,2.311054257,1.899619661,0.2749052578,1.12147499,1.932982794
856.700773,1.457863924,2.331762412,1.899619661,0.2996921743,1.137221172,1.94161791
862.913442,1.461202772,2.35222536,1.899619661,0.3231300864,1.15527816,1.950315646
869.171164,1.464907829,2.371977947,1.899619661,0.3452993967,1.173689446,1.959076456
875.474266,1.467847814,2.391784842,1.899619661,0.3659663596,1.192125438,1.967900799
881.823077,1.470850058,2.412141149,1.899619661,0.3882619512,1.211833045,1.976789135
888.217929,1.473852303,2.432419505,1.899619661,0.4126390491,1.23301906,1.985741928
894.659156,1.476814445,2.452546471,1.899619661,0.4404106873,1.256299782,1.994759645
901.147093,1.480221828,2.472897862,1.899619661,0.4727825948,1.282314898,2.003840357
907.68208,1.483880782,2.49366611,1.899619661,0.5050993499,1.308961325,2.012898504
914.264457,1.487174337,2.514300498,1.899619661,0.5368139669,1.338373748,2.021935606
920.89457,1.491260079,2.534610752,1.899619661,0.5685735157,1.341598436,2.031014832
927.572762,1.495263072,2.55534049,1.899619661,0.6003932582,1.313773155,2.040202143
934.299384,1.499223839,2.576643982,1.899619661,0.6322675419,1.309810784,2.049566383
941.074787,1.503587601,2.597815172,1.899619661,0.6642125432,1.349307377,2.059179361
947.899323,1.508628194,2.618809433,1.899619661,0.69587486,1.386207779,2.069115945
954.773351,1.513952758,2.639912716,1.899619661,0.7269408462,1.41578088,2.079235275
961.697227,1.520358747,2.661322108,1.899619661,0.760876667,1.445573679,2.089089469
968.671315,1.527811344,2.68364539,1.899619661,0.7985144339,1.475884059,2.098972631
975.695977,1.535848795,2.706554946,1.899619661,0.8412460145,1.506414327,2.109240471
982.771582,1.544140254,2.729988264,1.899619661,0.8936652058,1.53716611,2.120264259
989.898498,1.553960049,2.753490289,1.899501766,0.8952467614,1.568140762,2.132431294
997.077097,1.565037425,2.776832429,1.897911013,0.8196152228,1.599339872,2.146145392
1004.307754,1.576743294,2.800059634,1.894673387,0.8126516053,1.632819178,2.162141443
1011.590847,1.590287365,2.823249266,1.890068826,0.9345638644,1.671716014,2.181717586
1018.926756,1.604280918,2.847131437,1.884390464,1.023214392,1.67922604,2.204404182
1026.315863,1.618997839,2.871705333,1.877945041,1.0741078,1.665905462,2.229526904
1033.758556,1.635544997,2.897349558,1.871053327,1.116806573,1.665987238,2.256380175
1041.255222,1.652583622,2.924168295,1.864050547,1.153692742,1.697077219,2.284226199
1048.806252,1.66993262,2.952425276,1.857158801,1.187718412,1.722728373,2.312293969
1056.412042,1.688405083,2.982067894,1.849206974,1.218910639,1.740238579,2.339778255
1064.072987,1.707444328,3.012551032,1.840037868,1.25539368,1.757777426,2.366190191
1071.789489,1.726797446,3.043973991,1.829932015,1.299921932,1.775727642,2.392850267
1079.561949,1.747325182,3.076405768,1.819182903,1.338026109,1.793622815,2.419945118
1087.390775,1.767969834,3.109905044,1.80809738,1.368906562,1.811421872,2.447413875
1095.276374,1.788256698,3.144649069,1.796996058,1.402576399,1.829586988,2.475192818
1103.219158,1.809736742,3.180577489,1.786213741,1.44031545,1.84810232,2.503215286
1111.219542,1.831826002,3.217223974,1.775929226,1.478417219,1.868006859,2.531411584
1119.277943,1.853842462,3.254846661,1.76464022,1.516893792,1.889637762,2.559708895
1127.394783,1.875809475,3.293758065,1.752419755,1.551696154,1.911322696,2.588146667
1135.570485,1.898221131,3.334022757,1.739936221,1.582232373,1.932929473,2.616838746
1143.805476,1.921261121,3.376381891,1.727887748,1.618586545,1.954472241,2.645756359
1152.100186,1.944625595,3.420514522,1.717003117,1.663873325,1.975931183,2.674868308
1160.455048,1.969114047,3.466011214,1.708042687,1.699248068,1.997437256,2.704141964
1168.870498,1.994154807,3.511701031,1.701799356,1.725309286,2.01900605,2.733543226
1177.346976,2.019523321,3.555928696,1.698832243,1.750988414,2.040656336,2.763036472
1185.884924,2.045965475,3.597742125,1.696793245,1.776620821,2.062513638,2.792089434
1194.484788,2.073409127,3.637839361,1.694952299,1.805086858,2.082775092,2.819589205
1203.147017,2.101757772,3.6790334,1.693336292,1.837278432,2.101496352,2.846284039
1211.872063,2.13200079,3.72345342,1.69197317,1.869404692,2.118349466,2.873076254
1220.660382,2.16455097,3.772170739,1.690891962,1.901177791,2.133411987,2.900908157
1229.512432,2.198306487,3.828072886,1.690122817,1.933002219,2.148486457,2.930763257
1238.428677,2.234587712,3.888598232,1.689697034,1.964887804,2.163562898,2.963667519
1247.40958,2.273498092,3.951555349,1.689619661,1.996125906,2.18100035,3.000690648
1256.455612,2.314788878,4.017766859,1.689619661,2.026039659,2.201609874,3.044034559
1265.567244,2.358704706,4.085462302,1.689619661,2.067008319,2.22221073,3.096403931
1274.744953,2.405055775,4.153745529,1.689619661,2.126155094,2.24202004,3.156134642
1283.989217,2.453567505,4.218364936,1.689619661,2.177465444,2.274036294,3.221258295
1293.300519,2.503855128,4.278942621,1.689619661,2.220336342,2.329927455,3.28971626
1302.679345,2.556471756,4.337821916,1.689619661,2.256952241,2.378597716,3.359356889
1312.126185,2.609944582,4.396991414,1.689619661,2.28788677,2.419861896,3.427932667
1321.641532,2.664367215,4.457850364,1.689755617,2.321680273,2.444568299,3.493183772
1331.225883,2.720310694,4.519841649,1.691329935,2.359357538,2.458835629,3.557000762
1340.879738,2.777442201,4.583085967,1.694373469,2.397450931,2.473393024,3.621130631
1350.603602,2.83490383,4.64788672,1.698501123,2.435998566,2.488737795,3.685601839
1360.397982,2.892912026,4.713973861,1.703310114,2.471062535,2.504951933,3.750444057
1370.263389,2.951795055,4.781590281,1.70837942,2.502583039,2.522183326,3.8156882
1380.200338,3.011981021,4.84963371,1.713269224,2.53358713,2.53939665,3.881366469
1390.209349,3.071972468,4.917877425,1.717520341,2.563810372,2.556212934,3.947512388
1400.290944,3.132387456,4.984107228,1.720731763,2.601908195,2.579874958,4.014160759
1410.445649,3.193927435,5.045749715,1.723388684,2.651485924,2.614970402,4.08123802
1420.673995,3.25604348,5.105172938,1.72576651,2.70790886,2.65388216,4.148685274
1430.976515,3.318035964,5.165005987,1.727979916,2.772980024,2.697205694,4.216544117
1441.353747,3.380455738,5.225546194,1.730148759,2.825688783,2.734054436,4.284857902
1451.806233,3.444000666,5.286983905,1.732398235,2.866924076,2.764722186,4.353671793
1462.33452,3.50806367,5.349850823,1.73485905,2.907860294,2.793123927,4.423032824
1472.939156,3.572487406,5.413795677,1.737667579,2.948550502,2.819289831,4.492989946
1483.620695,3.638036417,5.478694796,1.740911765,2.998108414,2.849003819,4.563594093
1494.379695,3.704100347,5.544619801,1.744221744,3.059881321,2.883058605,4.634898241
1505.216718,3.770528054,5.611529083,1.74765972,3.134392144,2.931921152,4.706902652
1516.13233,3.83808115,5.679384116,1.751434778,3.226095431,3.005960137,4.779327932
1527.127099,3.90614601,5.748819305,1.755765076,3.303407815,3.091864101,4.852221265
1538.201602,3.97457769,5.820012113,1.760878122,3.367173661,3.192798399,4.925701163
1549.356415,4.044079705,5.893019968,1.767011058,3.422364042,3.26757164,4.999891214
1560.592121,4.114583217,5.968171393,1.774410946,3.470001938,3.321136433,5.074920235
1571.909307,4.186088228,6.04514745,1.784118398,3.5220406,3.370012395,5.15092243
1583.308563,4.258594734,6.123434817,1.803360339,3.580053188,3.415323586,5.228037554
1594.790485,4.332102738,6.203091587,1.832798884,3.625413599,3.458449052,5.306411077
1606.355672,4.406667961,6.283440664,1.871089812,3.659952955,3.499508148,5.386196317
1618.004728,4.481681427,6.364560723,1.916824226,3.694973048,3.541927051,5.467447256
1629.738262,4.55756671,6.446225444,1.968526533,3.73079677,3.585985786,5.550048684
1641.556885,4.635205783,6.528364728,2.02465237,3.769668357,3.629263739,5.633868477
1653.461216,4.713276014,6.61153146,2.083586474,3.81209015,3.671436564,5.718768134
1665.451875,4.791668708,6.695893869,2.145083117,3.856796037,3.718062765,5.80460258
1677.529488,4.871688425,6.781143876,2.220392851,3.903797231,3.769819372,5.89121996
1689.694686,4.95282897,6.867264388,2.309880647,3.959548597,3.842288216,5.978461428
1701.948105,5.034338591,6.954060343,2.410452046,4.026731561,3.946835337,6.066170755
1714.290384,5.116410864,7.04124381,2.518869194,4.082070638,4.028815175,6.154687151
1726.722167,5.198866275,7.129585351,2.631746415,4.12615384,4.089976796,6.244177427
1739.244103,5.282390746,7.219674104,2.745545659,4.176825089,4.157941201,6.334536123
1751.856847,5.366916713,7.310640308,2.856571833,4.235898819,4.23454615,6.425652807
1764.561057,5.452501331,7.401974826,2.962442475,4.294827797,4.30470848,6.517411918
1777.357395,5.538632909,7.494360147,3.072847275,4.353548187,4.367530874,6.609692608
1790.246531,5.624583182,7.588177495,3.188092511,4.405040752,4.450411421,6.702368584
1803.229137,5.711559134,7.682769755,3.305288818,4.449448705,4.562309458,6.79530883
1816.305891,5.799702135,7.777835838,3.421417935,4.502897073,4.672698516,6.888465262
1829.477475,5.888226373,7.874122158,3.533328765,4.568165766,4.780540985,6.981950546
1842.744578,5.977244835,7.971889379,3.637733333,4.632839867,4.88891297,7.075899658
1856.107892,6.067230593,8.070032938,3.731202636,4.696523948,4.998572647,7.170453496
1869.568115,6.158374712,8.168466741,3.811046624,4.760149533,5.082403732,7.265759068
1883.12595,6.24990495,8.267973279,3.882862558,4.823712989,5.144071563,7.361969671
1896.782104,6.341924459,8.368536409,3.949179864,4.8873204,5.242566784,7.459245086
1910.53729,6.434861689,8.470284645,4.011045267,4.950977831,5.400799049,7.557617076
1924.392227,6.529530331,8.572801546,4.069554633,5.014619233,5.508003375,7.656870724
1938.347638,6.62455117,8.675096153,4.125854491,5.078244597,5.575493992,7.757025361
1952.404251,6.720554653,8.777905034,4.181143602,5.141855927,5.663726153,7.858112719
1966.562801,6.817701277,8.88204436,4.23667456,5.205453637,5.77981296,7.960165623
1980.824027,6.915125472,8.985161216,4.293097514,5.269096531,5.86700457,8.063218021
1995.188673,7.014202765,9.086754005,4.346223524,5.332789938,5.930710774,8.167305015
2009.657489,7.114350773,9.181752694,4.396327358,5.396421225,5.995763849,8.272462948
2024.231231,7.214779395,9.271974639,4.445036895,5.45998782,6.062344722,8.37870124
2038.91066,7.316864348,9.361376776,4.494053073,5.52336671,6.146915363,8.485997161
2053.696542,7.420013742,9.449723622,4.545152128,5.586495268,6.255835666,8.594325435
2068.589649,7.523505705,9.538445194,4.60018789,5.652178224,6.36489335,8.703659304
2083.590758,7.628064607,9.627416464,4.661094141,5.720559753,6.474028579,8.813970491
2098.700654,7.733625005,9.716577805,4.730104524,5.796380375,6.559408549,8.925229142
2113.920124,7.8401869,9.805882801,4.809767246,5.880799924,6.625669838,9.037403783
2129.249963,7.947750291,9.894658662,4.898803413,5.952679101,6.697626641,9.150510578
2144.690972,8.056375164,9.983156716,4.995227002,6.01295071,6.776170817,9.26470889
2160.243957,8.165402005,10.07222996,5.096959876,6.087148139,6.842076715,9.37996794
2175.909731,8.275444325,10.1612499,5.201828932,6.178743205,6.896723632,9.496232403
2191.68911,8.386597126,10.24937856,5.307563181,6.253601949,6.961583982,9.613444183
2207.582918,8.498163004,10.33708636,5.411790746,6.313575492,7.038758682,9.73154232
2223.591987,8.610250868,10.42503545,5.513325051,6.387673772,7.105652286,9.850462907
2239.71715,8.722758787,10.51274852,5.61998821,6.479240067,7.163021759,9.970138998
2255.959252,8.836454556,10.59996107,5.731345729,6.554041327,7.226362167,10.09065486
2272.319138,8.95005567,10.68642858,5.84456785,6.6140713,7.296437041,10.2121223
2288.797664,9.063564114,10.77183436,5.956698597,6.687085899,7.363640178,10.33449568
2305.39569,9.177775009,10.85687514,6.064651926,6.776086128,7.427962089,10.45772707
2322.114082,9.291431431,10.94183355,6.165207762,6.865163375,7.491549314,10.58176616
2338.953713,9.404085172,11.02577103,6.25500794,6.954300518,7.554392769,10.70656026
2355.915464,9.515181667,11.10823915,6.331717282,7.028578192,7.62146856,10.83205416
2373.000218,9.624832356,11.1862185,6.402196245,7.090465904,7.693113026,10.96244491
2390.208868,9.732616204,11.26086022,6.468407317,7.152261866,7.757441756,11.10483732
2407.542313,9.836708531,11.33091566,6.530575038,7.213979776,7.815168756,11.25390921
2425.001458,9.937362345,11.39632788,6.588936418,7.289226104,7.870649843,11.40360263
2442.587214,10.03406989,11.46469688,6.643741344,7.380819282,7.924044519,11.54759122
2460.300499,10.12571486,11.53442371,6.695252992,7.456268598,7.97850245,11.67927199
2478.142238,10.21184645,11.59847149,6.743748253,7.518091472,8.034081751,11.79175695
2496.113363,10.2919099,11.65700188,6.789183658,7.580811069,8.079432556,11.87786443
2514.214812,10.36596442,11.71280656,6.829696079,7.644470734,8.116568887,11.93866969
2532.44753,10.43394193,11.76679219,6.866169409,7.708088484,8.152495914,11.99009952
2550.812469,10.49642296,11.82158292,6.900147404,7.771666024,8.187280627,12.03452072
2569.310588,10.55381915,11.87685645,6.933243762,7.834780252,8.227664463,12.07381236
2587.942852,10.60730083,11.93399854,6.96714428,7.897433942,8.274644737,12.10993988
2606.710235,10.65724703,11.99361891,7.003609048,7.966817335,8.325240792,12.14495775
2625.613716,10.70415599,12.05056659,7.044474724,8.043631029,8.379826017,12.1810122
2644.654283,10.74911361,12.10355306,7.091582921,8.119911911,8.433997322,12.22034404
2663.832929,10.7925801,12.15701709,7.145296094,8.195665029,8.487766447,12.26360069
2683.150655,10.83517051,12.20987711,7.204571373,8.264468509,8.542332787,12.30742378
2702.608471,10.87605313,12.25714904,7.268272855,8.327085699,8.597654436,12.35157814
2722.207393,10.91653588,12.29993231,7.335211854,8.390249002,8.644488521,12.39605054
2741.948442,10.95718018,12.3399876,7.404145266,8.453929201,8.68451459,12.44082709
2761.832651,10.99657266,12.37764868,7.473773894,8.518105644,8.716566471,12.4858932
2781.861058,11.03605298,12.41364614,7.542740731,8.582731984,8.742673363,12.53123357
2802.034707,11.07620953,12.44633955,7.610658898,8.641344035,8.766240427,12.57683208
2822.354653,11.11572268,12.47502696,7.683265838,8.69471507,8.787664148,12.62266892
2842.821956,11.15469155,12.50138124,7.759788942,8.741639508,8.807606091,12.66875363
2863.437685,11.19372073,12.52648285,7.837825145,8.783138626,8.82622411,12.71510939
2884.202916,11.23281485,12.55021728,7.914864198,8.825131385,8.844393095,12.76176039
2905.118733,11.27132348,12.57261711,7.988285394,8.867559006,8.862135959,12.80873177
2926.186229,11.30942404,12.59365032,8.055354207,8.910069757,8.880788842,12.85604975
2947.406504,11.3464694,12.61384112,8.11321884,8.952651767,8.90038384,12.9037416
2968.780665,11.38192051,12.63334788,8.160625497,8.994729297,8.921022715,12.95183568
2990.309828,11.41663694,12.65245389,8.207145911,9.036273389,8.942748521,13.0003615
3011.995117,11.44861106,12.67290297,8.253257135,9.072813618,8.96435474,13.05134523
3033.837665,11.47762885,12.69406221,8.297042358,9.105222999,8.985860387,13.11217282
3055.838612,11.5036762,12.71115915,8.33650131,9.129559307,9.00952,13.17820557
3077.999106,11.52569236,12.72486191,8.369547726,9.148320054,9.034889544,13.24302044
3100.320305,11.54315347,12.73618237,8.394006754,9.164192729,9.038592193,13.29991066
3122.803375,11.55584223,12.7450983,8.407612286,9.177800613,9.034335792,13.34187712
3145.449488,11.5618273,12.75215342,8.409619661,9.192923923,9.02539261,13.36161944
3168.259827,11.56202017,12.75725454,8.409619661,9.209231771,9.005281546,13.3579783
3191.235584,11.55729178,12.76117982,8.409619661,9.214095423,8.985746355,13.34181385
3214.377958,11.5464775,12.76388652,8.409619661,9.215591696,8.966484083,13.31563574
3237.688156,11.53082383,12.76592106,8.409619661,9.212444565,8.946129545,13.28171842
3261.167397,11.51005778,12.76613204,8.409619661,9.195650438,8.92460875,13.24244161
3284.816906,11.48531367,12.76513804,8.409619661,9.180577429,8.901861329,13.20029351
3308.637918,11.45770704,12.76370678,8.409619661,9.166775157,8.877789136,13.15787417
3332.631676,11.42697216,12.76142826,8.409532949,9.150539561,8.852505872,13.11789892
3356.799433,11.39441659,12.75828122,8.408796089,9.131064576,8.825831396,13.08287345
3381.142451,11.35979796,12.75358677,8.407355453,9.101048423,8.795281421,13.04909825
3405.662002,11.32311507,12.74792262,8.405271615,9.053860932,8.760062826,13.01476339
3430.359364,11.28548936,12.74130127,8.402608202,8.998492437,8.717379379,12.97997405
3455.235829,11.24753082,12.73354586,8.399431998,8.932694999,8.665616877,12.94484021
3480.292693,11.20842419,12.72429761,8.395813041,8.868135131,8.612792815,12.90947689
3505.531267,11.16827498,12.71392871,8.39182472,8.804448817,8.558656164,12.87400424
3530.952866,11.12831068,12.70230599,8.386990698,8.741831889,8.503901441,12.8385477
3556.55882,11.0877372,12.69021227,8.378091567,8.679905454,8.448761958,12.80323281
3582.350464,11.04671379,12.6781236,8.365453762,8.605315395,8.402454174,12.76802679
3608.329146,11.00507017,12.66491376,8.350154734,8.516304832,8.363028853,12.73283189
3634.496221,10.96359577,12.65041995,8.333321201,8.42802964,8.326069018,12.69757408
3660.853056,10.92207459,12.63171472,8.316130669,8.33944882,8.291261411,12.66217597
3687.401026,10.87998506,12.60650034,8.299812983,8.230833621,8.251733488,12.62655676
3714.141519,10.83795364,12.58029984,8.285651934,8.099170364,8.207090417,12.59063211
3741.07593,10.79592221,12.55371729,8.274600582,7.97017009,8.157519904,12.55431405
3768.205665,10.75389079,12.53317346,8.264965682,7.842938768,8.102589497,12.51708542
3795.532141,10.71179133,12.5160992,8.256132032,7.71398131,8.048349983,12.47786103
3823.056785,10.67031581,12.50060157,8.247841387,7.584057387,7.994572101,12.43725397
3850.781034,10.62934121,12.48655608,8.23982372,7.475595279,7.94078376,12.39602771
3878.706334,10.58824226,12.47302329,8.231796862,7.383329619,7.886984748,12.3549798
3906.834145,10.54770194,12.45935263,8.223466127,7.256886313,7.833157924,12.31494296
3935.165935,10.50821898,12.44598486,8.214523935,7.09094024,7.779304871,12.27678608
3963.703182,10.46973752,12.43344581,8.204802366,6.948409434,7.725480162,12.24141537
3992.447378,10.43232623,12.42161749,8.194986276,6.823875346,7.671679439,12.20977549
4021.400022,10.39521452,12.40793018,8.185056756,6.697668439,7.617886312,12.1821241
4050.562627,10.35924855,12.39299387,8.174827739,6.570424093,7.564098558,12.15688787
4079.936714,10.32482664,12.37845058,8.164105065,6.443174594,7.510562311,12.13352853
4109.523819,10.29135267,12.36413904,8.152686237,6.31591681,7.457134731,12.11156061
4139.325484,10.25894937,12.35036634,8.140360167,6.188652222,7.402319914,12.09047626
4169.343267,10.22698013,12.33730133,8.126906922,6.061378611,7.345243767,12.06974456
4199.578734,10.19488686,12.32697999,8.111974441,5.933288298,7.261435248,12.0488108
4230.033465,10.16343232,12.31842121,8.094787614,5.804830552,7.144277945,12.02709579
4260.709049,10.13246348,12.30850119,8.075536192,5.684606605,7.053665778,12.00409795
4291.607087,10.10137071,12.29650536,8.054577663,5.571659126,6.98141924,11.98061544
4322.729194,10.07098716,12.28431771,8.032286309,5.466781165,6.893338628,11.95696264
4354.076994,10.04044958,12.27206143,8.009053727,5.369523727,6.79054918,11.93313831
4385.652123,10.00930091,12.26086152,7.985289367,5.293291102,6.708929982,11.90914121
4417.45623,9.978920353,12.25046584,7.961421076,5.231933744,6.642088414,11.88497009
4449.490977,9.94837966,12.24212238,7.936940669,5.191164647,6.55344269,11.86062368
4481.758034,9.917301114,12.2359967,7.907313291,5.162377109,6.442967001,11.83610072
4514.259088,9.88627792,12.2287849,7.873903776,5.132622821,6.362387108,11.81139992
4546.995834,9.855254725,12.22004051,7.83920428,5.103608636,6.301185762,11.78651999
4579.969983,9.824299502,12.21165749,7.805818056,5.104339999,6.214052253,11.76145964
4613.183255,9.792629458,12.20373382,7.776462854,5.127755306,6.098687009,11.73621755
4646.637385,9.761200316,12.19691368,7.753974401,5.151931446,6.005350666,11.71079241
4680.33412,9.72958121,12.19122888,7.741309977,5.178912065,5.927376055,11.6851829
4714.275218,9.698154276,12.18726925,7.739619661,5.212839539,5.838924974,11.65938766
4748.462452,9.666603453,12.18347744,7.739619661,5.256042791,5.742168329,11.63340536
4782.897607,9.634454662,12.17815495,7.739619661,5.308598539,5.666159178,11.60682911
4817.582481,9.603016799,12.17260826,7.739619661,5.373422257,5.604119985,11.5794361
4852.518884,9.572114453,12.16777993,7.739619661,5.449352019,5.515955104,11.55164712
4887.708641,9.540363448,12.16548461,7.739619661,5.538376237,5.401796674,11.52390285
4923.153589,9.509535961,12.16442073,7.739619661,5.629263798,5.327835385,11.4966634
4958.855578,9.478959105,12.16536791,7.739619661,5.72295625,5.277000561,11.47040888
4994.816474,9.44847305,12.1705453,7.740317404,5.821544018,5.229645797,11.44564009
5031.038152,9.418502383,12.17591563,7.745509094,5.924999576,5.185876361,11.42251651
5067.522505,9.388408801,12.18210436,7.755374261,6.029374813,5.147191205,11.40050888
5104.271436,9.358979957,12.18846662,7.769425143,6.135094652,5.112436954,11.37935661
5141.286866,9.330009671,12.19541385,7.787149937,6.246342262,5.074276365,11.35879483
5178.570726,9.300987973,12.20422924,7.808012045,6.361962745,5.033172011,11.33854655
5216.124963,9.271894854,12.21506746,7.831449295,6.463344368,4.991611143,11.31832228
5253.951538,9.243539543,12.22860222,7.856873148,6.554704434,4.950089035,11.29781963
5292.052426,9.214903972,12.24347201,7.886332035,6.66606139,4.917624417,11.27672294
5330.429616,9.186497984,12.25621973,7.932872714,6.797394627,4.891368353,11.25497102
5369.085112,9.157860221,12.26801803,7.995238282,6.925959571,4.868014179,11.23298989
5408.020932,9.129456425,12.27962155,8.069610099,7.05321854,4.847038032,11.21082433
5447.239108,9.100816472,12.29056944,8.15199344,7.180462419,4.825603084,11.18850472
5486.741689,9.072414865,12.29984562,8.238212065,7.307696585,4.803927106,11.1660628
5526.530737,9.043844612,12.30878678,8.323902635,7.438705201,4.782560795,11.14353174
5566.60833,9.014699047,12.31796624,8.404508994,7.570472732,4.761356879,11.1209462
5606.976559,8.986352523,12.32822401,8.478188625,7.666218021,4.739046827,11.09834278
5647.637532,8.95777916,12.34156481,8.556586206,7.739378037,4.715326049,11.07576106
5688.593374,8.928705896,12.35450069,8.638917892,7.806858436,4.684219431,11.05317984
5729.84622,8.899684198,12.36414065,8.721960402,7.86913575,4.645948902,11.03055668
5771.398227,8.87059028,12.37218205,8.802347412,7.93274071,4.618995686,11.00784725
5813.251562,8.842248614,12.3742576,8.876565195,7.996846761,4.598809314,10.98500524
5855.408412,8.813597744,12.37396078,8.940948134,8.059027484,4.577630411,10.96198232
5897.870977,8.785137158,12.37331698,8.991674135,8.118382745,4.555958387,10.93872808
5940.641475,8.757092821,12.36607443,9.027564519,8.159543391,4.534363955,10.91518993
5983.722138,8.729613283,12.34889632,9.060642588,8.189887659,4.512878588,10.8913131
6027.115215,8.703184215,12.32353902,9.092044191,8.216373946,4.491808474,10.86578913
6070.822973,8.677756643,12.28242525,9.120805672,8.239660787,4.471318718,10.8351992
6114.847693,8.653330565,12.23531591,9.145922296,8.264342941,4.454201243,10.80213254
6159.191674,8.629749774,12.17888635,9.166347011,8.288193691,4.439462794,10.76984343
6203.85723,8.608581818,12.11209492,9.180989182,8.2901426,4.422351123,10.74172978
6248.846695,8.589091394,12.03824251,9.188713282,8.284123372,4.404788637,10.72133754
6294.162417,8.571857834,11.95717062,9.189619661,8.271132765,4.403121665,10.71236521
6339.806762,8.557080004,11.86990965,9.189619661,8.2424756,4.406533268,10.71317791
6385.782113,8.544262799,11.77481943,9.189619661,8.209332931,4.415149028,10.71634278
6432.090871,8.533448053,11.66755003,9.189619661,8.169355023,4.435699007,10.72134126
6478.735453,8.524722694,11.546964,9.189619661,8.128845845,4.456578667,10.72774241
6525.718295,8.51726605,11.41345083,9.189619661,8.086692948,4.479528748,10.73509537
6573.041849,8.511513429,11.26468136,9.189619661,8.037693,4.509405721,10.74292878
6620.708587,8.50714574,11.10413627,9.189619661,7.981384742,4.547122982,10.75075014
6668.720997,8.503741793,10.92995544,9.186295894,7.921000409,4.58354272,10.75804512
6717.081586,8.501431004,10.74673902,9.164378474,7.85633542,4.619456388,10.76437203
6765.792879,8.499371769,10.5535755,9.125448919,7.792436329,4.654531781,10.77046094
6814.857419,8.498038363,10.3565485,9.073760889,7.728833377,4.68954894,10.776594
6864.277768,8.497069313,10.15570083,9.013763899,7.661797944,4.732517539,10.78277155
6914.056506,8.496068564,9.958359163,8.95010936,7.594668942,4.784662636,10.78899389
6964.196232,8.494923736,9.765234471,8.887656776,7.556790407,4.849959345,10.79526136
7014.699564,8.494673869,9.582696175,8.831480117,7.532743457,4.926813744,10.80157427
7065.569139,8.494016266,9.411238651,8.783719917,7.511516128,4.977223014,10.80793297
7116.807613,8.493673869,9.253147296,8.732963142,7.493754642,5.013572157,10.81433318
7168.41766,8.493014123,9.107717022,8.679619212,7.498883387,5.058224109,10.82072308
7220.401976,8.492673869,8.974800861,8.626221312,7.529484691,5.109797235,10.82711483
7272.763275,8.492204889,8.85343055,8.575414774,7.562857145,5.162513657,10.83354402
7325.50429,8.490416592,8.738789437,8.529960495,7.603523798,5.216694957,10.84004779
7378.627776,8.489103638,8.630026996,8.492738452,7.655166933,5.270599982,10.84666489
7432.136505,8.4870363,8.520460711,8.466751297,7.721080203,5.324421051,10.85343576
7486.033271,8.48333689,8.409717158,8.453117556,7.799327261,5.378562276,10.86040254
7540.320889,8.478774579,8.29536328,8.443708294,7.890044919,5.432710259,10.86802077
7595.002193,8.472655127,8.175880385,8.436572645,7.96740013,5.484931919,10.87707293
7650.080038,8.463809489,8.039825757,8.430879116,8.036561901,5.534851383,10.88705892
7705.557299,8.452624408,7.885932309,8.425758513,8.113030887,5.575550025,10.8973974
7761.436873,8.438263949,7.708776417,8.420302781,8.195397633,5.610115323,10.90748105
7817.721678,8.419894747,7.499012012,8.413563813,8.279463194,5.646313927,10.91667583
7874.414652,8.39616283,7.25999933,8.404552236,8.36471524,5.682790415,10.92432017
7931.518755,8.367738333,6.99065053,8.392096391,8.444331325,5.713475021,10.92972407
7989.036968,8.333476049,6.686949832,8.375004901,8.518608049,5.740066345,10.93216833
8046.972296,8.292603876,6.350886919,8.353405118,8.578477133,5.764833406,10.92163893
8105.327761,8.246541056,5.98159299,8.327565762,8.629197647,5.787733795,10.88221262
8164.106412,8.194050555,5.590832733,8.297769893,8.689397215,5.807786795,10.81877948
8223.311318,8.136435821,5.177081897,8.26431537,8.754416867,5.82548753,10.73702821
8282.945568,8.074319475,4.751369265,8.227515325,8.795392386,5.841595545,10.64291017
8343.012278,8.006938924,4.31160818,8.187698645,8.824372418,5.855279811,10.54264744
8403.514582,7.936636873,3.88268886,8.143286507,8.863684689,5.850970797,10.44274118
8464.45564,7.863029766,3.464364535,8.086432465,8.906648818,5.828910297,10.34998016
8525.838634,7.786627972,3.075501648,8.018111837,8.916136289,5.810637673,10.26968015
8587.666769,7.708314682,2.713384811,7.940573833,8.91885625,5.793148382,10.1917767
8649.943272,7.627926477,2.404546413,7.856172561,8.908792157,5.767872533,10.1133083
8712.671395,7.546264111,2.136999728,7.767370277,8.868529353,5.73271036,10.03427087
8775.854413,7.462841935,1.922767068,7.676740713,8.828344376,5.689146781,9.954660267
8839.495625,7.378836357,1.756462591,7.586972506,8.784599902,5.637205805,9.87447234
8903.598354,7.293452728,1.647708751,7.498273795,8.743456992,5.5967417,9.793702901
8968.165947,7.207374192,1.566973378,7.401746543,8.702351259,5.562317469,9.712347734
9033.201774,7.120719956,1.520036131,7.298885343,8.644154748,5.518312524,9.630381844
9098.709232,7.032948006,1.490952204,7.192753606,8.565719789,5.463325252,9.547705545
9164.69174,6.944912265,1.470741359,7.086552154,8.478108301,5.387994867,9.464358537
9231.152743,6.85610694,1.454056372,6.983623425,8.378815875,5.290416155,9.380405176
9298.095713,6.767810809,1.420253151,6.88745579,8.272324522,5.203281628,9.295912831
9365.524142,6.678379652,1.364573514,6.801687983,8.158768959,5.121619456,9.210951977
9433.441553,6.58889653,1.291923863,6.727618546,8.0486943,5.034224668,9.125596291
9501.851491,6.499871781,1.201838339,6.656754883,7.941042189,4.94545797,9.039921206
9570.757528,6.410731186,1.105696723,6.58858834,7.839258356,4.882145007,8.952040429
9640.163261,6.322336852,1.005678943,6.523860062,7.740383514,4.832221256,8.861333479
9710.072315,6.234163531,0.906791163,6.463341861,7.624332983,4.768573904,8.769497962
9780.488339,6.147447113,0.7862947629,6.407837129,7.493507792,4.692298763,8.678307153
9851.415009,6.061315663,0.6355160866,6.35818178,7.367020274,4.604912631,8.589612305
9922.856029,5.976530238,0.4899873141,6.315245207,7.24090801,4.507971918,8.505345024
9994.815129,5.89307639,0.3625864604,6.279461481,7.09494005,4.423620174,8.427519702
10067.29607,5.811337646,0.2795653154,6.248859468,6.936707469,4.348521318,8.356372331
10140.30263,5.730887181,0.2320934639,6.222104996,6.816441147,4.288705166,8.289651594
10213.83862,5.652154041,0.2381338313,6.197987814,6.718297407,4.237813942,8.226321302
10287.90788,5.574782178,0.2582934215,6.175242445,6.62370099,4.176853023,8.165306037
10362.51428,5.498446147,0.3031881639,6.15254648,6.531985406,4.10557065,8.105481229
10437.66172,5.42227992,0.3770512074,6.128518834,6.426827269,4.013718572,8.045671642
10513.35412,5.347663979,0.456673043,6.101717961,6.309710115,3.900590589,7.984649819
10589.59542,5.272931242,0.5437342268,6.071255744,6.186728631,3.791793711,7.921134492
10666.38962,5.198519587,0.629975072,6.038892036,6.057847562,3.684138956,7.855086023
10743.74071,5.124577267,0.7139770733,6.004974994,5.930267669,3.576032244,7.78814059
10821.65275,5.04976248,0.7896563792,5.969610007,5.803041113,3.468097732,7.720444912
10900.12979,4.975427232,0.8573780562,5.932907904,5.678568438,3.36028688,7.652123794
10979.17594,4.900724349,0.9162757016,5.894985126,5.553174859,3.257136431,7.583307779
11058.79532,4.825628506,0.9666035876,5.855963906,5.399344392,3.189580356,7.514133327
11138.99208,4.750572387,1.008711343,5.815972444,5.219704356,3.139836175,7.444742994
11219.77042,4.675589694,1.039754661,5.77460498,5.04537232,3.088961239,7.375281571
11301.13456,4.59976879,1.064987017,5.730082444,4.870104111,3.036503397,7.305744604
11383.08873,4.524438896,1.076268766,5.683065915,4.670596006,2.954857172,7.236016412
11465.63723,4.448729221,1.071745004,5.634524729,4.455383786,2.850271932,7.165991494
11548.78435,4.372633383,1.058037008,5.585471954,4.280758827,2.789918554,7.095559689
11632.53444,4.296502078,1.023215867,5.536965734,4.125988058,2.749992589,7.024606031
11716.89188,4.221214956,0.9788930398,5.490110662,3.915670398,2.726400001,6.953010603
11801.86107,4.14535137,0.924988215,5.446059194,3.663700891,2.710307339,6.88064624
11887.44644,4.070579129,0.8649627394,5.405404883,3.466824566,2.690911528,6.803276545
11973.65246,3.997223374,0.7989432481,5.366329309,3.300124838,2.672539487,6.719343486
12060.48364,3.924756256,0.7207970428,5.32847926,3.130504836,2.676292241,6.632268994
12147.9445,3.853992861,0.6185108733,5.291722471,2.961917596,2.695286284,6.545628264
12236.03961,3.785114814,0.4910803304,5.255920085,2.800145768,2.71063909,6.463154442
12324.77358,3.719807918,0.3358075717,5.22092645,2.640137739,2.725664708,6.38874344
12414.15104,3.657008207,0.1696305162,5.186588903,2.450151039,2.747668458,6.326458876
12504.17664,3.597635989,-0.001609003149,5.152747554,2.235163216,2.778973546,6.280522
12594.8551,3.541551144,-0.1745264222,5.11974901,2.021723409,2.822745934,6.246589089
12686.19115,3.489227067,-0.3362157365,5.089143498,1.811057224,2.880581976,6.217845279
12778.18955,3.440230292,-0.4823986437,5.060219297,1.631865455,2.936022466,6.193006731
12870.85511,3.39428168,-0.5865288133,5.031991908,1.47278852,2.988569946,6.170730371
12964.19267,3.350623724,-0.6735103243,5.003432733,1.31400326,3.02621895,6.149612056
13058.2071,3.308933998,-0.7478399818,4.973467732,1.15836032,3.053127392,6.128184701
13152.90331,3.269324156,-0.8125815222,4.940976031,1.009713163,3.05458642,6.104916347
13248.28624,3.231002714,-0.8591056313,4.904788505,0.8665720796,3.050691611,6.078690748
13344.36087,3.193647785,-0.8929067669,4.863770279,0.7266176433,3.037415222,6.051366174
13441.13222,3.157369357,-0.9303785571,4.817742741,0.5878194016,3.004887374,6.02346335
13538.60535,3.1213029,-0.9720815676,4.767174541,0.4306389351,2.972390305,5.995119809
13636.78533,3.086064295,-1.026198313,4.712567685,0.2651858463,2.935833249,5.966479371
13735.67731,3.050285135,-1.100522568,4.654448674,0.1425779421,2.891542137,5.937692338
13835.28643,3.014939254,-1.192767802,4.593369263,0.0405034261,2.837806464,5.90891569
13935.6179,2.979948033,-1.310565034,4.529907258,-0.08393655932,2.775853744,5.88031329
14036.67696,2.944921845,-1.444585992,4.464667317,-0.2324348741,2.700230937,5.852040911
14138.46889,2.909895657,-1.59351196,4.396582422,-0.4347547545,2.584093199,5.824026939
14240.999,2.874942336,-1.758423108,4.320557813,-0.7004868513,2.422957995,5.796161829
14344.27264,2.839197743,-1.940168121,4.238302085,-1.009410054,2.271830559,5.768362161
14448.29521,2.803208346,-2.1470916,4.152303094,-1.354355471,2.123045542,5.74054072
14553.07213,2.766461236,-2.373984787,4.065160931,-1.637509998,1.978455542,5.71260637
14658.60888,2.729471362,-2.622233869,3.979591362,-1.884801605,1.835862024,5.684463944
14764.91097,2.691865652,-2.885138341,3.898429358,-2.111395293,1.683630506,5.656014111
14871.98394,2.652432392,-3.16260699,3.824632723,-2.329173081,1.527605895,5.627153257
14979.83339,2.611752632,-3.454235483,3.760053865,-2.611636282,1.38522095,5.597773352
15088.46495,2.569384907,-3.757847954,3.701274443,-2.956012803,1.259579955,5.56904498
15197.88429,2.525117058,-4.07472388,3.646588458,-3.334825741,1.188620184,5.542779112
15308.09713,2.477336497,-4.402671058,3.594557424,-3.746549602,1.140240497,5.517806603
15419.10921,2.426335075,-4.742642663,3.543677436,-4.148121388,1.087316696,5.492829133
15530.92633,2.37092325,-5.09530285,3.492377164,-4.532616027,1.033518754,5.466490798
15643.55434,2.310498774,-5.461307784,3.439015779,-4.826050458,0.9827029242,5.43737636
15756.9991,2.244412355,-5.841541422,3.381880844,-5.069683439,0.9302034695,5.404009438
15871.26656,2.171558662,-6.238752417,3.320944405,-5.327838541,0.8469767866,5.364850661
15986.36266,2.091725083,-6.648868364,3.260898806,-5.584234471,0.7244390645,5.318295767
16102.29342,2.004157057,-7.070794173,3.200683346,-5.800674955,0.5744932922,5.252753905
16219.0649,1.908403384,-7.498796081,3.138580241,-5.991537751,0.3810183966,5.155513563
16336.68318,1.806230907,-7.919611162,3.072796564,-6.167755325,0.108849996,5.032318946
16455.15442,1.696453204,-8.331428077,3.00146196,-6.337802616,-0.2423350956,4.889387
16574.48479,1.580786279,-8.72304619,2.922626303,-6.546851163,-0.5509022661,4.733221407
16694.68053,1.460285572,-9.089331033,2.834257289,-6.799213009,-0.8454003273,4.570621434
16815.74791,1.333830332,-9.329431727,2.732463892,-7.126967392,-1.16799729,4.408691013
16937.69325,1.203611672,-9.502667319,2.610728331,-7.529665975,-1.520486939,4.254848067
17060.52293,1.069606907,-9.516308253,2.470750513,-7.919850418,-1.93848924,4.114185241
17184.24334,0.9331134188,-9.418665277,2.315007383,-8.317040816,-2.416765396,3.975273974
17308.86096,0.7938696983,-9.277640579,2.146094544,-8.750080973,-2.904459313,3.835578154
17434.38229,0.6523303193,-9.059285404,1.966729958,-9.219908805,-3.406266192,3.695036905
17560.81388,0.5088201279,-8.860679529,1.779757745,-9.73862539,-3.9074689,3.553586824
17688.16233,0.3632343483,-8.679984152,1.588152084,-10.30494672,-4.404586786,3.411161907
17816.4343,0.2163900762,-8.628063647,1.391319455,-10.88416757,-4.861642952,3.26769347
17945.63647,0.06857586637,-8.613277203,1.178974072,-11.49988224,-5.298153832,3.123110065
18075.7756,-0.08023983671,-8.65581004,0.952134386,-12.25136579,-5.772307644,2.977368151
18206.85848,-0.2301300225,-8.858429127,0.7130150616,-13.13005716,-6.272409823,2.830555325
18338.89196,-0.3802731005,-9.110042705,0.4639355577,-14.07013333,-6.78322522,2.682677835
18471.88292,-0.530385339,-9.442791994,0.2073233846,-15.04746568,-7.298048934,2.533727958
18605.83831,-0.6805709491,-9.807386734,-0.05428255421,-15.89971844,-7.761632137,2.383697918
18740.76513,-0.8300785804,-10.20905097,-0.3182285307,-16.65018223,-8.206971478,2.232579883
18876.67042,-0.9778010969,-10.6238514,-0.5844142328,-17.2132794,-8.736335947,2.080365962
19013.56127,-1.123564983,-11.05845741,-0.8598568037,-17.66926417,-9.350094189,1.927048208
19151.44483,-1.266796234,-11.51195849,-1.143944643,-18.09070012,-10.08607443,1.772618615
19290.32831,-1.40464337,-11.99192049,-1.43526698,-18.48630287,-10.93747615,1.617069122
19430.21895,-1.537462368,-12.50848312,-1.732346957,-18.91420015,-11.79916519,1.460391607
19571.12405,-1.662255154,-13.03963508,-2.033639581,-19.37863714,-12.67626911,1.302577889
19713.05098,-1.778001606,-13.53989781,-2.337529624,-19.99980052,-13.59552677,1.14361973
19856.00714,-1.884130993,-13.64554261,-2.642329465,-20.68769704,-14.42483024,0.9835088289
20000,-1.978630128,-13.67672391,-2.946276881,-21.08088638,-14.70544956,0.8222368271