20	85.55796513199387
20.290906698750476	85.56961269997643
20.586044732869844	85.56171110095822
20.885475648548283	85.54164756309845
21.189261887185914	85.51642217469694
21.49746679841394	85.48842215100944
21.810154653305165	85.46042218697355
22.12739065777668	85.43142217427962
22.449240966187475	85.40180947225322
22.77577269513385	85.37119678831168
23.107053937445478	85.33980949915909
23.44315377638505	85.30880949549586
23.784142300054445	85.28103487481229
24.130090616010463	85.25564757592815
24.481070866093134	85.23264758349686
24.837156241469714	85.20642218400874
25.1984209978975	85.1749713354228
25.56494047120865	85.13352058250013
25.936791093020236	85.08506981467028
26.3140504066728	85.03145703760975
26.69679708340074	84.97845703681799
27.08511093873791	84.92829518362294
27.47907294916184	84.88252057362575
27.878765268980047	84.84397138716817
28.284271247461966	84.81364757873139
28.695675446220072	84.79471109774063
29.11306365684382	84.78616189374749
29.536522918790062	84.785
29.966141537533712	84.78722540138706
30.402009102982383	84.79283810528763
30.844216508158908	84.8049016100218
31.29285596815558	84.82596512469502
31.74802103936409	84.85580322747181
32.20980663898519	84.89002860690842
32.67830906482211	84.92441594247383
33.153626015361866	84.95519053708009
33.63585661014871	84.98296513229073
34.125101410453844	85.0083524090054
34.62146244024586	85.02951430489492
35.12504320746613	85.04345080554472
35.635948725613716	85.04416189918418
36.15428553564419	85.02864758242796
36.68016172818701	84.99474595439665
37.21368696608603	84.94868244794765
37.754972507267915	84.8948443479154
38.30413122794313	84.83661898944314
38.86127764614443	84.77600629180169
39.4265279456077	84.7162316201681
40.000000000000206	84.6570062895261
40.58181339750116	84.59155545452435
41.1720894657399	84.51549192296564
41.77095129709678	84.43571733198272
42.37852377437204	84.36700624397177
42.9949335968281	84.3043935911868
43.62030930661056	84.22642845812925
44.25478131555359	84.12552680262993
44.89848193237519	84.02704117121928
45.55154539026795	83.95339357662336
46.21410787489121	83.89261896346886
46.88630755277036	83.82594272398121
47.56828460010916	83.75010462443686
48.260181232021196	83.67433006693689
48.962141732186545	83.59933004911531
49.674312482939705	83.52755542219643
50.39684199579528	83.45978087237201
51.129880942417586	83.39539354094694
51.873582186040764	83.33384434097964
52.628100813345895	83.28574597418631
53.393594166801776	83.25748568798831
54.17022187747612	83.25283810502023
54.95814589832399	83.27441590377416
55.75753053796041	83.31670481710913
56.56854249492426	83.36854292223107
57.39135089244048	83.42860645768216
58.226127313687975	83.4942191383517
59.073045837580466	83.55738102921902
59.932283075067765	83.60847942672662
60.804018205965114	83.6391270087964
61.68843301631817	83.64354919498909
62.58571193631152	83.61997138124676
63.49604207872855	83.56900627298299
64.41961327797075	83.49710463361602
65.35661812964459	83.41304112620945
66.3072520307241	83.32565382851769
67.27171322029778	83.24816814267999
68.25020282090806	83.19168246157422
69.2429248804921	83.140457064382
70.25008641493265	83.09297138880413
71.27189745122783	83.08206350512587
72.30857107128878	83.11086673075107
73.36032345637442	83.16276833255209
74.42737393217246	83.22783185651843
75.50994501453623	83.2962191477311
76.60826245588666	83.35938104381478
77.72255529228926	83.41654295529287
78.85305589121582	83.4693175248743
80.00000000000082	83.51586672118738
81.16362679500274	83.55441592208818
82.34417893148023	83.58296512503618
83.541902594194	83.60612700773339
84.75704754874454	83.6239016115099
85.98986719365665	83.63383810566212
87.24061861322157	83.63538729809605
88.50956263110764	83.62832379109496
89.79696386475084	83.61226028240128
91.10309078053635	83.58742218152292
92.42821574978288	83.55597137199676
93.77261510554118	83.51613327467496
95.13656920021877	83.46868246566922
96.52036246404286	83.41645706085555
97.92428346437356	83.36023167601583
99.34862496587989	83.29778085485226
100.79368399159105	83.22794276986033
102.25976188483567	83.15471734982364
103.74716437208203	83.07749193638327
105.25620162669229	82.99204114320985
106.78718833360406	82.8969776099696
108.34044375495276	82.80081574581686
109.9162917966485	82.71365383622764
111.51506107592134	82.62420300807408
113.13708498984903	82.52697763640388
114.78270178488147	82.42575220806903
116.45225462737648	82.32252681397193
118.14609167516147	82.21752682429708
119.86456615013608	82.11313951353853
121.60803641193078	82.00975223262424
123.3768660326369	81.90675223611095
125.17142387262359	81.80313952352186
126.99208415745765	81.69913951990539
128.83922655594208	81.59513952409802
130.71323625928977	81.49275224760605
132.61450406144883	81.39136492866085
134.5434264405962	81.29259033022413
136.50040564181674	81.2000411323706
138.48584976098482	81.11871734987096
140.50017282986593	81.05545705656904
142.5437949024563	81.01703487892729
144.61714214257822	81.01045080437248
146.7206469127495	81.03402862679084
148.8547478643456	81.07670483123982
151.01989002907314	81.12086672290931
153.216524911774	81.1545778204469
155.4451105845792	81.1759016092494
157.70611178243232	81.18583810400614
160.00000000000236	81.188
162.3272535900062	81.18416189552467
164.6883578629612	81.17816189576949
167.08380518838874	81.17277459679413
169.51409509748981	81.16777459712253
171.97973438731407	81.16216189527435
174.4812372264439	81.1567745971656
177.01912526221608	81.15277459703165
179.5939277295025	81.150387298873
182.20618156107355	81.14838729850874
184.85643149956664	81.148
187.54523021108326	81.1496127014922
190.27313840043846	81.15261270165539
193.04072492808663	81.1556127014498
195.84856692874806	81.15922540306958
198.69724993176072	81.16322540273623
201.58736798318304	81.16722540304964
204.5195237696723	81.17345080528173
207.49432874416505	81.1846762070867
210.5124032533856	81.19828891081991
213.57437666720915	81.21106350719853
216.68088750990657	81.21883810427695
219.83258359329807	81.22322540296616
223.03012215184378	81.225
226.2741699796992	81.226
229.5654035697641	81.22661270143261
232.90450925475412	81.227
236.2921833503241	81.227
239.72913230027333	81.226
243.21607282386276	81.226
246.75373206527502	81.2266127015969
250.34284774524843	81.22761270125629
253.9841683149166	81.229
257.67845311188546	81.22838729874869
261.42647251858085	81.22638729844245
265.22900812289896	81.22538729857321
269.08685288119375	81.22438729874584
273.0008112836349	81.22277459692593
276.97169952197106	81.221
281.00034565973334	81.22222540283502
285.0875898049141	81.22906350661539
289.23428428515797	81.24351431415124
293.44129382550057	81.26090161044347
297.7094957286928	81.27467620780996
302.0397800581479	81.28283810464953
306.4330498235497	81.28722540292098
310.89022116916016	81.28861270132886
315.41222356486645	81.29
320.00000000000654	81.28938729846028
324.6545071800142	81.28616189581336
329.3767157259242	81.28016189576948
334.16761037677935	81.27254919460485
339.02819019498156	81.26454919387642
343.95946877463007	81.25716189601508
348.9624744528898	81.24854919397305
354.03825052443415	81.24054919466984
359.187855459007	81.2315491939484
364.4123631221491	81.22354919437788
369.71286299913527	81.21454919411508
375.0904604221685	81.20493649253899
380.54627680087896	81.19371109096208
386.08144985617537	81.18032379213551
391.6971338574982	81.16732379079124
397.3944998635236	81.1537110904232
403.1747359663683	81.14071108932629
409.0390475393468	81.12832379207741
414.9886574883323	81.1163237909092
421.0248065067734	81.10532379149082
427.1487533344206	81.09493649280147
433.3617750198154	81.08716189609467
439.6651671865984	81.08722540296615
446.06024430368984	81.09790161163784
452.54833995940066	81.12280322297535
459.13080713953053	81.1586413285127
465.8090185095106	81.1938032212096
472.58436670065066	81.22196511856866
479.45826460054917	81.24312701438785
486.432145647728	81.2599016119655
493.50746413055253	81.27590161139854
500.6856954904994	81.29290161140732
507.9683366298358	81.30890161098473
515.3569062237735	81.32328890991278
522.8529450371643	81.33790161116093
530.4580162458005	81.35228891039979
538.1737057623901	81.36628891058204
546.0016225672724	81.38028891007097
553.9433990439449	81.393676208835
562.0006913194694	81.4056762090782
570.1751796098309	81.4192889103042
578.4685685703187	81.43551431282991
586.8825876510039	81.45351431257217
595.4189914573883	81.47151431299866
604.0795601162986	81.488901611274
612.8660996471021	81.50651431268564
621.780442338323	81.52351431318898
630.8244471297356	81.5399016114755
640.0000000000159	81.55267620873505
649.3090143600314	81.56183810433099
658.7534314518515	81.5666127014576
668.3352207535618	81.56193649262069
678.0563803899662	81.54142218032099
687.9189375492632	81.50390786660948
697.9249489057827	81.44739355567826
708.0765010488715	81.37510464335313
718.3757109180171	81.29510464099685
728.8247262443015	81.22239355502306
739.425725998274	81.17235867342609
750.1809208443404	81.15277459715871
761.0925536017613	81.16335241767905
772.1628997123541	81.2000921326769
783.3942677149998	81.25438104279152
794.7889997270506	81.32044455162398
806.34947193274	81.39550805677975
818.0780950786972	81.47834616124258
829.9773149766683	81.55989535509948
842.0496130135506	81.62715564149461
854.2975066688449	81.66757782015591
866.7235500396347	81.6806127014617
879.3303343732008	81.66764758220303
892.1204886073838	81.63413327071437
905.0966799188055	81.58384435979312
918.2616142790653	81.52461895775456
931.6180370190256	81.46523165724278
945.1687334013056	81.41329516571938
958.9165292011028	81.37197137468833
972.8642912954606	81.34487298559493
987.0149282611097	81.3416762085489
1001.3713909810035	81.3793810443858
1015.9366732596762	81.46486047414857
1030.7138124475518	81.58421289063114
1045.7058900743334	81.7113747900563
1060.916032491606	81.82002236887601
1076.3474115247852	81.90205725158141
1092.0032451345498	81.9659937437131
1107.8867980878947	82.0338953555378
1124.0013826389438	82.13092398193605
1140.350359219667	82.26272720745811
1156.9371371406426	82.41640341261814
1173.765175302013	82.57540341607186
1190.837982914782	82.7327907106087
1208.1591202326028	82.88879071193868
1225.73219929421	83.04540341135177
1243.5608846766518	83.20662881870086
1261.648894259477	83.37307962192723
1280.0000000000375	83.54307962167181
1298.6180287200684	83.70962881498781
1317.5068629037087	83.8643399030925
1336.6704415071292	83.99837479002773
1356.112760779938	84.10012075925447
1375.8378750985323	84.15135241668042
1395.8498978115715	84.13652056819025
1416.153002097749	84.0609776299093
1436.7514218360407	83.95997763059512
1457.6494524886093	83.8958094780431
1478.8514519965543	83.93118426433686
1500.3618416886875	84.09784796195319
1522.1851072035295	84.39077194589575
1544.3257994247153	84.774829201288
1566.788535430007	85.20801971665732
1589.5779994541087	85.6517943170637
1612.6989438654878	86.0810546076807
1636.156190157402	86.48731488200087
1659.9546299533442	86.87380056702067
1684.099226027109	87.24389896246335
1708.5950133376978	87.5986100505092
1733.4471000792773	87.93709574118084
1758.6606687464096	88.25696872239241
1784.2409772147755	88.55200360229922
1810.193359837619	88.81497498173654
1836.5232285581387	89.03565744230396
1863.2360740380593	89.20511450408142
1890.3374668026197	89.32363506999802
1917.833058402214	89.41779696817291
1945.7285825909298	89.53427639828706
1974.0298565222283	89.7019812325082
2002.7427819620161	89.89259393256967
2031.8733465193618	90.05427639945049
2061.4276248951132	90.15850805768618
2091.411780148677	90.2108032225609
2121.832064983222	90.22216189566302
2152.694823049581	90.18723165917149
2184.0064902691106	90.09323791306076
2215.7735961758003	89.95020928703458
2248.002765277899	89.81246331801154
2280.7007184393456	89.75293649282604
2313.874274281297	89.80318426726352
2347.530350604038	89.91898748885141
2381.6759658295764	90.02534616154071
2416.318240465218	90.07228891004578
2451.4643985884327	90.05252056822847
2487.1217693533167	89.9962316584924
2523.2977885189675	89.96132379139337
2560.0000000000887	89.98531753578585
2597.236057440151	90.04376834211678
2635.0137258074315	90.08051431282836
2673.340883014273	90.0777110900319
2712.225521559891	90.06332379144737
2751.6757501970797	90.03874597119183
2791.699795623158	89.95723791324608
2832.3060041955137	89.78060284265347
2873.502843672097	89.51064397899317
2915.2989049772345	89.16381212826863
2957.7029039931244	88.75504378632802
3000.723683377391	88.28988814755937
3044.370214407075	87.76428170452022
3088.6515988494466	87.17751335461752
3133.57707086003	86.54225933499848
3179.1559989082334	85.88135772192183
3225.3978877309914	85.21680852836997
3272.3123803148205	84.5701609418723
3319.9092599067053	83.94651335985272
3368.198452054235	83.35415468649086
3417.190026675413	82.80947222279632
3466.8942001585724	82.29108492893079
3517.3213374928373	81.74599279685413
3568.4819544295697	81.15151335677656
3620.386719675257	80.52983715467258
3673.0464571162966	79.90967526035521
3726.472148076138	79.27725933617191
3780.6749336052594	78.58520207994198
3835.6661168044484	77.8485258713709
3891.45716518188	77.1605482386383
3948.059713044477	76.6206913737162
4005.4855639240527	76.2784123210601
4063.746693038744	76.14919677706203
4122.855249790247	76.244432038626
4182.823560297375	76.57218161324913
4243.664129966465	77.15360739469946
4305.389646099183	77.94601081347214
4368.012980538242	78.81229971899285
4431.5471923516225	79.65704569022283
4496.00553055582	80.43663602285685
4561.401436878714	81.03398483441052
4627.748548562617	81.26864132721367
4695.060701208099	81.08284075637502
4763.351931659176	80.68723431090166
4832.63648093046	80.35712341141851
4902.928797176889	80.15414578104343
4974.243538706657	80.00043469204165
5046.595577037959	79.82005364794944
5120.000000000202	79.55019317383335
5194.472114880326	79.20816454909108
5270.027451614888	78.88654559040818
5346.6817660285715	78.64534255802839
5424.451043119808	78.51755545010964
5503.351500394186	78.52521914721162
5583.399591246343	78.63443829442545
5664.612008391055	78.75079696748915
5747.005687344222	78.80535241722131
5830.597809954497	78.80854919427675
5915.405807986278	78.804
6001.447366754812	78.8135143128663
6088.740428814181	78.83412701432857
6177.303197698925	78.83103488137021
6267.154141720092	78.77694274816227
6358.3119978165005	78.71713326983799
6450.795775462017	78.70951431286264
6544.624760629676	78.71732379135608
6639.818519813445	78.65130142088852
6736.396904108505	78.4935679610155
6834.380053350861	78.23803127806256
6933.788400317181	77.83272625406964
7034.642674985712	77.27373876247327
7136.963908859177	76.66118957129352
7240.773439350552	76.13552947742292
7346.092914232631	75.83675848273121
7452.944296152315	75.88078445632577
7561.349867210557	76.34502957839615
7671.332233608935	77.25614767970585
7782.914330363799	78.52482749757766
7896.119426088994	80.00816740395828
8010.971127848146	81.54358958585706
8127.49338607753	82.9415797232541
8245.710499580537	84.0419696747533
8365.647120594791	84.7523023735626
8487.328259932974	84.99751431292088
8610.77929219841	84.70595790973937
8736.025961076528	83.83943638825345
8863.094384703289	82.36588624114289
8992.011061111683	80.27239960118418
9122.802873757471	77.60903372884572
9255.497097125279	74.50519827681028
9390.121402416245	71.25635391565649
9526.7038633184	68.44346936576342
9665.272961860968	66.9736752558325
9805.857594353829	67.24679166325251
9948.487077413367	67.91885782274863
10093.19115407597	68.00488549672032
10240.000000000457	67.92989535582598
10388.944229760706	68.34925498032112
10540.05490322983	69.1546870201624
10693.363532057198	70.05003317879262
10848.902086239672	71.2625609563184
11006.703000788428	73.07950465850156
11166.799182492743	75.05674882338762
11329.224016782166	76.61673536495162
11494.0113746885	77.8737129940739
11661.195619909053	79.18467185435364
11830.811615972614	80.31203943659752
12002.894733509682	80.71938729857041
12177.48085762842	80.20728435323028
12354.606395397908	78.96595335673177
12534.308283440243	77.48446767263596
12716.62399563306	76.20402046939748
12901.591550924093	75.06540776438418
13089.249521259411	73.75869306999141
13279.637039626952	72.18384510805633
13472.793808217073	70.62462330991413
13668.760106701786	69.94106350715927
13867.576800634426	70.9316056987169
14069.285349971487	72.90788570144677
14273.927817718419	74.83972645511813
14481.54687870117	76.2282460724934
14692.18582846533	76.89361004984458
14905.888592304698	76.97004113689599
15122.699734421185	76.90367620861976
15342.664467217943	77.16788644857307
15565.828660727671	77.94480152168532
15792.238852178061	79.19724341830187
16021.942255696367	80.67633555319708
16254.986772155136	81.92870313232505
16491.42099916115	82.478212891673
16731.294241189662	81.9747476726944
16974.65651986603	80.37655884855313
17221.558584396902	78.04712320996492
17472.051922153143	75.69469837522553
17726.188769406665	74.15990956727535
17984.022122223458	73.70849194265065
18245.605747515034	73.65594900383647
18510.99419425065	73.23503393020556
18780.242804832582	72.33781743384185
19053.40772663689	71.1171662489136
19330.545923722028	69.79767430578151
19611.71518870775	68.92124682090908
19896.974154826825	68.73316189569668
20186.382308152035	68.732