20,103.885
20.290906698750476,103.86269707875272
20.586044732869844,103.83816293505106
20.885475648548283,103.81416194811614
21.189261887185914,103.79468014154442
21.49746679841394,103.77910131831673
21.810154653305165,103.76669533192418
22.12739065777668,103.75749675691114
22.449240966187475,103.7491793199658
22.77577269513385,103.74424228052294
23.107053937445478,103.74021576176179
23.44315377638505,103.73413691401592
23.784142300054445,103.72547573099835
24.130090616010463,103.71422999484626
24.481070866093134,103.70030448416863
24.837156241469714,103.68414221506724
25.1984209978975,103.66409474012615
25.56494047120865,103.64086649035964
25.936791093020236,103.61508262284292
26.3140504066728,103.58763634896516
26.69679708340074,103.55874822603644
27.08511093873791,103.52819117426372
27.47907294916184,103.49737186986964
27.878765268980047,103.46709260482649
28.284271247461966,103.43923809766751
28.695675446220072,103.41325947322679
29.11306365684382,103.38866843521674
29.536522918790062,103.3648086248726
29.966141537533712,103.33903150774798
30.402009102982383,103.31087275723526
30.844216508158908,103.28298650820633
31.29285596815558,103.25494650199028
31.74802103936409,103.22513456932325
32.20980663898519,103.19415276182697
32.67830906482211,103.16358821985138
33.153626015361866,103.13408969110901
33.63585661014871,103.10775059593315
34.125101410453844,103.08574574076093
34.62146244024586,103.06465565262918
35.12504320746613,103.04149775321176
35.635948725613716,103.01438687136563
36.15428553564419,102.98536001000393
36.68016172818701,102.95735223704702
37.21368696608603,102.93217039956004
37.754972507267915,102.90515865509309
38.30413122794313,102.87308610267633
38.86127764614443,102.82828348764369
39.4265279456077,102.77670433334372
40.000000000000206,102.72499999999998
40.58181339750116,102.68136384973359
41.1720894657399,102.64472120267337
41.77095129709678,102.61064604198465
42.37852377437204,102.57676795147363
42.9949335968281,102.54030388520327
43.62030930661056,102.49931275299554
44.25478131555359,102.4551654333892
44.89848193237519,102.410937091078
45.55154539026795,102.36676000866886
46.21410787489121,102.32513007314861
46.88630755277036,102.28357489871887
47.56828460010916,102.24002498624208
48.260181232021196,102.18918558143831
48.962141732186545,102.13302877138398
49.674312482939705,102.0797125735126
50.39684199579528,102.03567760983353
51.129880942417586,101.99556340795306
51.873582186040764,101.95358510085883
52.628100813345895,101.90617347734937
53.393594166801776,101.85543236053134
54.17022187747612,101.80578665908477
54.95814589832399,101.75916577857564
55.75753053796041,101.71224509870119
56.56854249492426,101.660476195335
57.39135089244048,101.60382273574429
58.226127313687975,101.54417108804184
59.073045837580466,101.48532506639485
59.932283075067765,101.43033388319566
60.804018205965114,101.37373013941357
61.68843301631817,101.31488646625603
62.58571193631152,101.25982159343909
63.49604207872855,101.21119789606358
64.41961327797075,101.16334088298959
65.35661812964459,101.11095953035097
66.3072520307241,101.05425762612583
67.27171322029778,100.99515378034154
68.25020282090806,100.93348661382007
69.2429248804921,100.86772403300702
70.25008641493265,100.80024421019951
71.27189745122783,100.73232666567019
72.30857107128878,100.66617716465139
73.36032345637442,100.60526318026852
74.42737393217246,100.55063130339138
75.50994501453623,100.49565277504756
76.60826245588666,100.43707437730549
77.72255529228926,100.37347551729431
78.85305589121582,100.30459576430307
80.00000000000082,100.23099999999994
81.16362679500274,100.15924283491525
82.34417893148023,100.09010951836842
83.541902594194,100.02409622040275
84.75704754874454,99.96374273116751
85.98986719365665,99.90168162519319
87.24061861322157,99.83576713414332
88.50956263110764,99.76241986704615
89.79696386475084,99.68431752553845
91.10309078053635,99.60765287693424
92.42821574978288,99.53869964128124
93.77261510554118,99.4752851213128
95.13656920021877,99.41362675472335
96.52036246404286,99.34822819816667
97.92428346437356,99.27748039116696
99.34862496587989,99.20128290255542
100.79368399159105,99.12525755509833
102.25976188483567,99.05455746122078
103.74716437208203,98.99057977973698
105.25620162669229,98.9281465958155
106.78718833360406,98.86131412887661
108.34044375495276,98.787538108089
109.9162917966485,98.71090340216554
111.51506107592134,98.63878306705612
113.13708498984903,98.57188496338118
114.78270178488147,98.50241627952917
116.45225462737648,98.42500798609281
118.14609167516147,98.34514492381544
119.86456615013608,98.26450875180804
121.60803641193078,98.18823846830792
123.3768660326369,98.12479311963637
125.17142387262359,98.06405730574905
126.99208415745765,97.99864468980667
128.83922655594208,97.92231381055453
130.71323625928977,97.84039281495104
132.61450406144883,97.76318510581856
134.5434264405962,97.69633864068062
136.50040564181674,97.63023478843188
138.48584976098482,97.55359431003863
140.50017282986593,97.47149360529495
142.5437949024563,97.39587958860912
144.61714214257822,97.3264428803662
146.7206469127495,97.25274496990612
148.8547478643456,97.17351958115486
151.01989002907314,97.0965476070464
153.216524911774,97.02851052239976
155.4451105845792,96.96664668246262
157.70611178243232,96.89799219939731
160.00000000000236,96.81999999999992
162.3272535900062,96.75018239229982
164.6883578629612,96.69510544072449
167.08380518838874,96.63465458717724
169.51409509748981,96.55390949060735
171.97973438731407,96.45701873075252
174.4812372264439,96.35199554159878
177.01912526221608,96.23873553814784
179.5939277295025,96.12151689553468
182.20618156107355,96.01740015543035
184.85643149956664,95.93907734541231
187.54523021108326,95.87916776411606
190.27313840043846,95.82941127487264
193.04072492808663,95.78248324126568
195.84856692874806,95.73068923465354
198.69724993176072,95.66778710166504
201.58736798318304,95.59684492308148
204.5195237696723,95.52755746122077
207.49432874416505,95.4596304388842
210.5124032533856,95.38769405308315
213.57437666720915,95.31321495998698
216.68088750990657,95.23731825600728
219.83258359329807,95.15552024298096
223.03012215184378,95.07373188512798
226.2741699796992,95.00200048708622
229.5654035697641,94.939967601221
232.90450925475412,94.88359151242076
236.2921833503241,94.83578598314644
239.72913230027333,94.797979544697
243.21607282386276,94.77613570870454
246.75373206527502,94.76198507173889
250.34284774524843,94.73437155543915
253.9841683149166,94.68521372774863
257.67845311188546,94.62338591037592
261.42647251858085,94.55803673092484
265.22900812289896,94.49310686191072
269.08685288119375,94.42749455005931
273.0008112836349,94.36023641099911
276.97169952197106,94.29542450717044
281.00034565973334,94.23559502249984
285.0875898049141,94.17663359904334
289.23428428515797,94.11194516515152
293.44129382550057,94.04700407508729
297.7094957286928,93.9850670597983
302.0397800581479,93.92699280425862
306.4330498235497,93.8728034021174
310.89022116916016,93.81834479067778
315.41222356486645,93.75839375951782
320.00000000000654,93.69599999999991
324.6545071800142,93.63921501240384
329.3767157259242,93.58773147016002
334.16761037677935,93.53682333000614
339.02819019498156,93.4828842698162
343.95946877463007,93.42765394972415
348.9624744528898,93.37558276058051
354.03825052443415,93.32623279496542
359.187855459007,93.27595901650173
364.4123631221491,93.22211142352964
369.71286299913527,93.16981394260847
375.0904604221685,93.12017293328303
380.54627680087896,93.07029118353482
386.08144985617537,93.02108324126566
391.6971338574982,92.9713129370147
397.3944998635236,92.92044950122829
403.1747359663683,92.8668400083195
409.0390475393468,92.8111290483762
414.9886574883323,92.75709830176778
421.0248065067734,92.71285116095936
427.1487533344206,92.6793306099951
433.3617750198154,92.64940386656099
439.6651671865984,92.61438973504993
446.06024430368984,92.5776686563297
452.54833995940066,92.54478730417864
459.13080713953053,92.51865700205317
465.8090185095106,92.49530327163497
472.58436670065066,92.47555671895537
479.45826460054917,92.45880968091303
486.432145647728,92.44236285044545
493.50746413055253,92.42705543400596
500.6856954904994,92.41505716870056
507.9683366298358,92.40504353713398
515.3569062237735,92.39249013396604
522.8529450371643,92.38289338187035
530.4580162458005,92.38251526827653
538.1737057623901,92.39112407554457
546.0016225672724,92.39571382212364
553.9433990439449,92.39351415023901
562.0006913194694,92.39680165916673
570.1751796098309,92.41680582620522
578.4685685703187,92.45495541542347
586.8825876510039,92.48402428048321
595.4189914573883,92.5037541846233
604.0795601162986,92.52168895527622
612.8660996471021,92.54559829894131
621.780442338323,92.57234132701497
630.8244471297356,92.59806111782434
640.0000000000159,92.62100000000004
649.3090143600314,92.64241073302807
658.7534314518515,92.66850960806518
668.3352207535618,92.70033975056211
678.0563803899662,92.73580860744288
687.9189375492632,92.76834060015764
697.9249489057827,92.79322738248331
708.0765010488715,92.81415300209774
718.3757109180171,92.83726413511144
728.8247262443015,92.86482676085961
739.425725998274,92.89533460539499
750.1809208443404,92.92545230211086
761.0925536017613,92.9527313840044
772.1628997123541,92.97923460700639
783.3942677149998,93.00795423863923
794.7889997270506,93.04206424911291
806.34947193274,93.08439788773096
818.0780950786972,93.13224747186536
829.9773149766683,93.18244074143796
842.0496130135506,93.2342108553076
854.2975066688449,93.28483190111965
866.7235500396347,93.33462090016464
879.3303343732008,93.38935257155404
892.1204886073838,93.45112774379642
905.0966799188055,93.5146339529409
918.2616142790653,93.58075305930588
931.6180370190256,93.65469006257275
945.1687334013056,93.73381761150762
958.9165292011028,93.81104091060607
972.8642912954606,93.88984288891263
987.0149282611097,93.97408956956666
1001.3713909810035,94.06277690227843
1015.9366732596762,94.15611959862989
1030.7138124475518,94.25274175411589
1045.7058900743334,94.35219490361281
1060.916032491606,94.45174047028073
1076.3474115247852,94.54826412401869
1092.0032451345498,94.64477068773276
1107.8867980878947,94.74666850144729
1124.0013826389438,94.85267519294015
1140.350359219667,94.95114352263494
1156.9371371406426,95.03537036128773
1173.765175302013,95.1186052295973
1190.837982914782,95.20235622358047
1208.1591202326028,95.28810404691053
1225.73219929421,95.37793395834221
1243.5608846766518,95.4675198806414
1261.648894259477,95.55336150654422
1280.0000000000375,95.63500000000016
1298.6180287200684,95.71479155165744
1317.5068629037087,95.79552882419557
1336.6704415071292,95.87601585432995
1356.112760779938,95.95525668115876
1375.8378750985323,96.03197581912936
1395.8498978115715,96.10981460146513
1416.153002097749,96.19653477582685
1436.7514218360407,96.28873168262939
1457.6494524886093,96.39047117484122
1478.8514519965543,96.5032627700592
1500.3618416886875,96.6335328918208
1522.1851072035295,96.7862957504247
1544.3257994247153,96.9621524593517
1566.788535430007,97.14969523902926
1589.5779994541087,97.31638103635345
1612.6989438654878,97.42054112731412
1636.156190157402,97.43302636250408
1659.9546299533442,97.36200507261088
1684.099226027109,97.25578325068614
1708.5950133376978,97.17077857172407
1733.4471000792773,97.14343344806976
1758.6606687464096,97.18917840748708
1784.2409772147755,97.29679235969401
1810.193359837619,97.43626734630365
1836.5232285581387,97.57976450507162
1863.2360740380593,97.72241591388247
1890.3374668026197,97.87027631542257
1917.833058402214,98.02529177172458
1945.7285825909298,98.18042177590193
1974.0298565222283,98.3289552539156
2002.7427819620161,98.46752537095988
2031.8733465193618,98.60030516956917
2061.4276248951132,98.73123396204198
2091.411780148677,98.86207065463931
2121.832064983222,98.99287787942785
2152.694823049581,99.12463562738448
2184.0064902691106,99.25702758364372
2215.7735961758003,99.39243212365155
2248.002765277899,99.53121216722275
2280.7007184393456,99.6757965423624
2313.874274281297,99.82350928264708
2347.530350604038,99.97388657771818
2381.6759658295764,100.13241893854475
2416.318240465218,100.29950331962841
2451.4643985884327,100.47754165273042
2487.1217693533167,100.66260392628236
2523.2977885189675,100.8540607238635
2560.0000000000887,101.04900000000048
2597.236057440151,101.24118028720076
2635.0137258074315,101.42556451129492
2673.340883014273,101.59753284111208
2712.225521559891,101.75593868336492
2751.6757501970797,101.87785967557153
2791.699795623158,101.95351216788764
2832.3060041955137,101.96570775983218
2873.502843672097,101.91658414203548
2915.2989049772345,101.79774459909561
2957.7029039931244,101.6051663437218
3000.723683377391,101.34273520342948
3044.370214407075,101.02232963237054
3088.6515988494466,100.66465801952083
3133.57707086003,100.29113145831874
3179.1559989082334,99.91841952882147
3225.3978877309914,99.55494422222598
3272.3123803148205,99.20802834737107
3319.9092599067053,98.88657166258776
3368.198452054235,98.59581660657845
3417.190026675413,98.33339366715644
3466.8942001585724,98.09532763529911
3517.3213374928373,97.88387177102693
3568.4819544295697,97.70740233215425
3620.386719675257,97.57400335746897
3673.0464571162966,97.48350053489115
3726.472148076138,97.43629336892346
3780.6749336052594,97.44252853348873
3835.6661168044484,97.49131907623148
3891.45716518188,97.60612970229676
3948.059713044477,97.75683398598092
4005.4855639240527,97.9525708647152
4063.746693038744,98.17204921703895
4122.855249790247,98.41018239910505
4182.823560297375,98.66686736764089
4243.664129966465,98.9441265351329
4305.389646099183,99.2397934620444
4368.012980538242,99.54336295561048
4431.5471923516225,99.8369963304225
4496.00553055582,100.10282239875107
4561.401436878714,100.31452632617861
4627.748548562617,100.46465254589492
4695.060701208099,100.51568480227034
4763.351931659176,100.45809981530306
4832.63648093046,100.28049775017591
4902.928797176889,99.98964588743334
4974.243538706657,99.63722142179004
5046.595577037959,99.24980143928205
5120.000000000202,98.85871428571322
5194.472114880326,98.4830866370864
5270.027451614888,98.14413264434636
5346.6817660285715,97.85203029682465
5424.451043119808,97.6137121537731
5503.351500394186,97.43805916350297
5583.399591246343,97.33526044962902
5664.612008391055,97.3163538799161
5747.005687344222,97.3705265973193
5830.597809954497,97.49258366370991
5915.405807986278,97.65850074477461
6001.447366754812,97.81594078839062
6088.740428814181,97.85838443445459
6177.303197698925,97.72155104644301
6267.154141720092,97.37860725360106
6358.3119978165005,96.83755769443293
6450.795775462017,96.16274520486854
6544.624760629676,95.41587818171851
6639.818519813445,94.67513932377678
6736.396904108505,94.00897888493812
6834.380053350861,93.46766496205515
6933.788400317181,93.08140613112141
7034.642674985712,92.85746807026672
7136.963908859177,92.79245881174634
7240.773439350552,92.88376125325696
7346.092914232631,93.13457546725976
7452.944296152315,93.54742599045456
7561.349867210557,94.13418919441071
7671.332233608935,94.88960169547879
7782.914330363799,95.81266064120294
7896.119426088994,96.90241815900742
8010.971127848146,98.14534513566507
8127.49338607753,99.47187092820596
8245.710499580537,100.74770639162686
8365.647120594791,101.71383940534626
8487.328259932974,102.20454331193152
8610.77929219841,102.14375967241152
8736.025961076528,101.63519585997804
8863.094384703289,100.92679848668136
8992.011061111683,100.19627065370045
9122.802873757471,99.57516838128149
9255.497097125279,99.11677953023688
9390.121402416245,98.82970990754349
9526.7038633184,98.71933519316592
9665.272961860968,98.77101422962485
9805.857594353829,98.96727779828588
9948.487077413367,99.29249075514542
10093.19115407597,99.7259691443221
10240.000000000457,100.2004000000015
10388.944229760706,100.6361494203539
10540.05490322983,100.89719259960172
10693.363532057198,100.84091347866698
10848.902086239672,100.31298452847189
11006.703000788428,99.28006060033186
11166.799182492743,97.85396499676614
11329.224016782166,96.15948213247428
11494.0113746885,94.41903028140354
11661.195619909053,92.86860405265737
11830.811615972614,91.51139818885167
12002.894733509682,90.4133755273363
12177.48085762842,89.43977783829834
12354.606395397908,88.65672005792807
12534.308283440243,87.96926672386158
12716.62399563306,87.37823969315905
12901.591550924093,86.89101734028203
13089.249521259411,86.45511468347456
13279.637039626952,86.1179063297204
13472.793808217073,85.85718789452324
13668.760106701786,85.59942345168452
13867.576800634426,85.35415357540998
14069.285349971487,85.29728298480605
14273.927817718419,85.49305761228395
14481.54687870117,86.09804227745023
14692.18582846533,87.05412344727615
14905.888592304698,88.08161855860084
15122.699734421185,88.9026820128244
15342.664467217943,89.20846303130774
15565.828660727671,88.74864068385978
15792.238852178061,87.4225261520323
16021.942255696367,85.29111308923345
16254.986772155136,82.46798571894188
16491.42099916115,79.14844917177746
16731.294241189662,77.53753990977383
16974.65651986603,78.31832195770251
17221.558584396902,79.19634127972675
17472.051922153143,79.76497365958744
17726.188769406665,80.26371096772655
17984.022122223458,80.88569442066971
18245.605747515034,81.74237592773004
18510.99419425065,82.79453700923257
18780.242804832582,83.83559949351631
19053.40772663689,84.60225706632914
19330.545923722028,84.83310728166614
19611.71518870775,84.385047699541
19896.974154826825,83.989
20186.382308152035,83.989